Figure 3. Change in First Bloom Date Between 1951-1960 and 2006-2015,,
Source: EPA's Climate Change Indicators in the United States: www.epa.gov/climate-indicators,,
"Data source: Schwartz, 2016",,
Web update: August 2016,,
Units: days,,
,,
LAT,LONG,Change in first bloom date
31.31,-86.52,11.37777778
30.88,-87.79,5.3
34.69,-86.88,14.4
32.82,-86.65,3.2
30.55,-87.88,8.877777778
31.79,-86.61,16.1
34.23,-87.64,-1.277777778
32.91,-85.43,13.625
32.47,-87.23,11.1
33.69,-86.69,3.5
30.57,-87.7,8.466666667
34.17,-86.81,1.45
34.29,-85.97,10.82222222
34.67,-86.05,6.9
32.01,-85.75,11.175
34.57,-85.61,-0.486111111
33.94,-114.02,-2.325
34.31,-112.17,-5.533333333
32.75,-109.12,-7.088888889
32.95,-112.71,-5.555555556
33.27,-113.97,-1.275
33.34,-112.15,-6.425
34.11,-109.86,-6.125
34.61,-111.84,-6.444444444
31.96,-112.8,-3.644444444
34.8,-109.89,-5.255555556
34.57,-112.43,-5.6
33.67,-111.15,-1.458333333
32.82,-109.68,-7.1
34.51,-110.08,-6.911111111
34.13,-109.28,-6.3
33.43,-111.92,-8.319444444
32.28,-110.94,-7.652777778
31.57,-111.05,-0.422222222
34.93,-112.81,-7.916666667
33.98,-112.74,-8.555555556
35.24,-112.19,-6.055555556
35.52,-111.37,-4.377777778
34.8,-92.84,9.455555556
35.83,-91.79,0.488888889
33.59,-92.82,3.175
36.42,-90.59,0.433333333
33.11,-91.95,9.566666667
35.23,-93.17,1.366666667
34.05,-94.35,8
34.98,-91.5,-2.2
33.89,-91.49,3.8
35.99,-92.72,1.622222222
36.43,-94.45,-10.81111111
34.52,-90.59,6.95
33.71,-93.56,3.2
34.51,-93.05,10.6
35.85,-90.66,8.833333333
34.6,-91.99,4.2
36.42,-92.92,6.5
34.39,-92.84,9.1
34.74,-90.77,2.2
33.93,-93.86,-4.8
35.6,-91.27,9.611111111
34.96,-93.16,-3.575
34.23,-92.02,7.1
36.26,-90.97,7.15
33.25,-91.51,4.708333333
33.82,-93.39,6.027777778
35.27,-91.72,7
34.47,-91.42,-2.2
35.3,-93.64,9.9
34.92,-94.09,7.844444444
35.25,-90.8,6
36.49,-118.83,-2.6
37.09,-119.51,-11.66666667
38.91,-121.08,-8.8
39.39,-120.09,-6.6
34.19,-118.35,-4.1
35.4,-119.47,-7.208333333
32.63,-116.47,-6.35
39.09,-120.95,4.888888889
36.1,-119.58,-5.8
41.8,-124.21,6.85
32.99,-116.59,-9.388888889
38.54,-121.78,-2.522222222
39.56,-120.82,-7.944444444
33.81,-115.45,-0.2
32.77,-115.56,-5.222222222
38.27,-122.07,-2.722222222
37,-119.71,-7.9
36.74,-118.96,-10.75555556
38.43,-122.86,-6
36.32,-119.64,-4.777777778
33.7,-115.63,-2.225
33.24,-116.76,0.433333333
37.96,-119.78,-4.5
32.85,-115.57,1.325
34.15,-115.12,-4.6
36.21,-121.14,-5.333333333
36.38,-119.03,-2.2
36.2,-119.05,-5.333333333
37.69,-121.77,-9.8
37.06,-120.87,-7
36.59,-121.91,-4.025
37.34,-121.64,-18.35
41.32,-122.31,-5.211111111
38.28,-122.26,-3.2
39.25,-121,-10.95
34.45,-119.23,2.655555556
39.75,-122.2,-10.4
41.31,-123.53,-3.7
34.59,-118.09,-3.433333333
34.15,-118.14,-9.544444444
35.63,-120.69,-1.2
36.48,-121.18,1.444444444
39.81,-120.47,1.822222222
35.37,-117.65,-0.425
33.74,-117.87,-10.34444444
36.99,-121.99,-7.9
40.48,-124.1,-11.7
40.71,-122.42,-8.5
38.3,-122.46,-2
39.59,-122.53,0.8
39.56,-121.11,5.922222222
39.17,-120.14,-5.9
34.13,-116.04,-6.6
34.07,-118.44,-8.255555556
34.54,-117.31,-9.7
39.52,-122.31,-12.5
38.53,-121.98,-7.5
34.18,-118.57,-8.15
41.7,-122.64,1.9
39.4,-105.48,5.5
39.99,-105.27,-4.3
38.82,-106.13,-3.655555556
39.74,-104.13,-2.375
39.22,-105.28,0.2
38.82,-102.35,-6.333333333
38.44,-107.56,-0.5
39.37,-106.19,-3.075
38.45,-106.76,-3.888888889
38.87,-106.98,0.755555556
37.69,-106.31,2.466666667
39.63,-106.04,1.4
40.58,-105.09,-13.6
40.27,-105.83,-7
40.19,-105.87,-6.4
37.73,-105.51,-3.344444444
38.53,-106.97,0.4
40.49,-107.25,-3.666666667
37.77,-107.11,0.344444444
40.55,-102.34,1.3
39.49,-105.1,0.044444444
38.09,-102.63,-4.5
38.06,-103.22,-3.3
37.17,-105.94,-7.25
37.2,-108.49,1.6
38.49,-107.88,-2.7
39.11,-108.35,-1.055555556
38.04,-103.69,-7.9
40.49,-106.82,-0.9
38.82,-106.61,-4.625
37.38,-107.58,-3.5
40.74,-106.28,-1.1
37.63,-104.8,-2.944444444
40.43,-105.21,-4.811111111
38.13,-105.47,-3.222222222
40.12,-102.72,-3.652777778
41.97,-73.22,-5
39.15,-75.51,-4.7
39.77,-75.54,-6.366666667
26.86,-80.63,-3.444444444
30.78,-85.55,10.42222222
29.02,-81.31,1
27.44,-80.35,-2.888888889
28.8,-82.31,3.75
30.29,-81.39,-2.6
30.19,-82.59,1.111111111
30.29,-82.97,-1.875
30.11,-83.18,6.1
27.94,-81.6,-4.122222222
29.16,-82.08,-0.25
28.02,-82.14,-0.95
28.34,-82.26,-2.65
27.76,-82.63,-0.766666667
28.15,-82.75,-4.3
31.53,-84.15,10.5
32.38,-81.67,8.933333333
31.17,-81.5,4.4
33.6,-85.08,8.930555556
34.89,-83.4,9.625
34.52,-83.53,7.4
34.3,-83.86,9.8
34.35,-82.93,12.3
34.48,-84.45,5.736111111
33.01,-82.39,12.25
33.08,-83.25,-1.4
31.45,-83.48,4.822222222
31.25,-82.31,7.511111111
42.95,-112.83,6.111111111
44.57,-116.68,-1.166666667
44.52,-116.05,1.5
44.24,-112.2,-8.3
43.85,-116.47,5.311111111
43.04,-112.41,6.8
42.59,-111.73,-3
43.97,-112.26,-3.111111111
42.73,-114.52,1.944444444
47.53,-116.12,3.3
42.12,-111.31,1.6
44.89,-116.1,-5.8
42.68,-113.5,1.2
46.73,-116.96,-0.166666667
42.23,-113.9,-0.544444444
49,-116.5,0.888888889
48.35,-116.84,-2.5
43.05,-114.16,5.3
43.95,-111.68,6.15
47.32,-116.58,-0.466666667
43.24,-116.38,6.4
41.2,-90.74,-1.4
41.78,-88.31,-6.255555556
37.73,-89.17,-0.5
39.48,-88.17,-13.375
41.74,-87.78,-5.8
40.14,-87.65,-8.525
37.99,-89.19,-5.525
38.38,-88.33,-3.288888889
41.9,-90.15,-4.2
40.95,-90.39,-6.2
40.47,-87.69,-7.9
39.73,-90.2,-3
39.1,-90.34,1.6
40.58,-90.97,-6.055555556
40.15,-89.34,-4.666666667
40.91,-89.03,-5.5
40.94,-90.64,-7.055555556
41.8,-89.97,-2.166666667
42.1,-89.98,-2.9
38.35,-88.85,-3.013888889
41.33,-88.91,-4.222222222
39,-87.62,-9.3
39.62,-87.67,-5.811111111
40.88,-88.64,-4.9
42.4,-89.99,-5.5
39.79,-88.29,-4.3
40.08,-88.24,-7.3
39.44,-90.38,-1.5
39.45,-88.6,-5.736111111
41.64,-84.99,-1.9
40.67,-84.93,-2.311111111
39.42,-85.01,-11
39.17,-85.92,-8.544444444
40.3,-86.51,-9.9
41.56,-85.88,-7
39.79,-85.76,-2.555555556
39.72,-86.07,-6.625
41.61,-86.73,-4.488888889
40.58,-85.66,-6.744444444
39.4,-86.45,-4.055555556
37.93,-87.9,-10.875
39.89,-85.4,-3.8
38.89,-86.55,-0.944444444
38.56,-86.49,-7.541666667
38.36,-87.59,-2.638888889
41.07,-86.21,-6.955555556
39.6,-85.45,-8.088888889
38.98,-85.9,-8.025
38.55,-86.79,-7.555555556
39.28,-86.77,-5.986111111
37.95,-86.77,-8.5
40,-86.35,-9.7
41.03,-86.59,-5.777777778
41.07,-92.79,-1.7
42.75,-92.8,-3.9
41.42,-95,-10.13888889
41.88,-92.28,-5.2
42.26,-90.42,-4.044444444
40.76,-92.44,-4.65
42.04,-93.89,-1.9
43.1,-93.8,1.925
42.07,-94.85,-3.777777778
42.3,-91,-2
42.06,-95.84,-5.7
42.05,-91.59,-8.466666667
43.06,-92.67,-3.8
42.76,-95.54,-4.1
40.72,-95.02,-1.9
41.79,-90.26,-7.2
43.39,-92.09,-0.811111111
43.3,-91.8,-6.5
42.04,-95.33,-5.1
42.54,-90.65,-7.45
42.78,-91.45,0.25
41.02,-91.96,-8.3
42.85,-91.82,-2.6
43.28,-93.63,-5.736111111
42.58,-94.2,-2.4
41.3,-94.46,-7.475
41.72,-92.75,-0.5
42.36,-92.76,-5.155555556
41.67,-94.5,-1.3
42.79,-91.1,-6.7
42.76,-93.2,-3.3
41.65,-95.33,-2.8
43,-96.49,-1.255555556
41.37,-93.65,-2.2
41.61,-91.51,-10.22222222
42.52,-93.25,-0.9
42.03,-94.41,-2.8
40.73,-91.97,-9.3
41.57,-90.4,-4.7
42.78,-96.15,-4.433333333
41.64,-95.79,-2.9
42.16,-95.78,-5.652777778
42.05,-90.75,-0.311111111
42.06,-92.92,-2.3
43.16,-93.2,-2.4
43.38,-95.18,-4.4
40.95,-91.56,-6.566666667
41.41,-91.07,-7.6
43.05,-92.31,-2.455555556
41.71,-93.03,-0.266666667
43.28,-92.81,-2.1
41.32,-92.65,-0.075
41.84,-94.11,-0.791666667
42.73,-94.66,-3.675
41,-95.24,-3.7
43.43,-96.17,-3.2
42.4,-94.63,-2.6
42.42,-94.98,-0.7
43.18,-95.66,-1.5
43.18,-95.85,-2
40.77,-95.38,-3.511111111
43.4,-95.75,2.1
41.33,-92.2,-2.55
43.17,-95.15,-6
42.65,-95.19,-9.777777778
42.04,-92.58,-1.3
42.17,-92.01,-6.822222222
41.28,-91.71,-1.9
42.47,-93.8,-1.822222222
41.32,-94.02,-1.222222222
38.93,-97.21,-13.7
37.19,-99.76,0.377777778
39.8,-101.04,-2.1
39.82,-97.64,-7.333333333
38.56,-99.24,-1.188888889
38.8,-99.72,-7.1
37.81,-100.35,-5.225
39.37,-97.13,0.2
37.27,-99.33,-10.8
37.18,-94.84,-2.188888889
38.37,-96.55,-2
37.82,-96.84,-1.4
37.01,-101.89,-2.025
37.84,-94.71,1.777777778
38.36,-98.83,-10.83333333
38.86,-99.34,-9.9
38.6,-100.62,-5.433333333
38.67,-96.95,-1.7
37.47,-96.27,1.433333333
39.35,-100.44,-1.111111111
38.1,-98.66,-7.708333333
37.16,-101.34,-2.277777778
37.24,-95.7,0.4
38.61,-97.96,-4.922222222
37.65,-98.13,0.666666667
37.94,-101.25,-3.475
37.02,-100.93,1.455555556
39.03,-98.13,-0.8
39.2,-96.58,-6.7
39.84,-96.64,-8.075
39.12,-97.7,-4.2
37.19,-95.45,4.8
38.45,-99.91,0.7
38.03,-97.34,-0.977777778
39.74,-99.84,-2.555555556
39.82,-100.53,2.488888889
38.61,-95.28,0.05
37.37,-95.29,4.9
39.07,-100.24,-8.475
39.77,-101.81,2.911111111
38.47,-100.92,0.2
37.13,-96.19,1.2
38.9,-101.75,0.766666667
38.21,-98.21,-4.025
37.99,-101.74,-0.6
38.47,-101.78,-4.7
39.83,-95.09,-3.9
37.6,-101.29,2.177777778
39.01,-99.87,-8
39.21,-96.37,-0.622222222
39.81,-97.06,-1.4
37.28,-97.41,-1.555555556
37.29,-96.94,2.722222222
38.45,-82.61,5.875
36.86,-83.33,-5.7
38.12,-83.53,-0.6
37.26,-85.5,-5.588888889
37.35,-87.52,2.180555556
36.61,-88.31,1.033333333
36.75,-86.23,2.8
31.32,-92.46,6.588888889
32.51,-92.35,14.5
30.07,-91.03,6.7
30.42,-92.04,3.6
32.81,-93.06,13.075
29.96,-91.71,1.377777778
30.2,-92.66,7.5
32.81,-91.17,10.2
31.14,-93.24,7.6
29.68,-91.18,6.044444444
30.73,-91.37,2.333333333
31.95,-91.23,9.844444444
32.4,-91.18,10.21111111
32.1,-91.7,5.5
44.44,-68.99,0.7
44.92,-69.24,-4.5
44.69,-70.16,-0.5
44.22,-69.79,-2.5
44.8,-69.89,1.333333333
46.65,-68.01,-5.044444444
45.16,-67.4,-4.194444444
39.03,-76.93,-7.5
38.94,-77.11,-1.4
38.91,-76.97,-1.444444444
39.41,-79.4,0.144444444
38.72,-76.19,-4.575
39.51,-79.14,-2.85
38.24,-75.38,-3.111111111
42.39,-72.54,-0.1
42.21,-71.11,-5.6
41.77,-70.67,-5.7
41.39,-70.52,-13.83333333
42.76,-71.06,2.833333333
42.59,-71.02,-4.211111111
41.98,-70.7,-0.788888889
41.79,-70.92,-9.013888889
41.92,-84.02,-1.6
43.39,-84.65,-0.066666667
42.29,-83.71,-6.666666667
42.38,-85.96,2.680555556
45.65,-84.47,0.9
41.96,-84.99,-3.377777778
44.28,-83.5,-1.55
42.02,-86.24,-10.62222222
45.03,-84.71,-0.722222222
44.65,-84.7,4.644444444
43.2,-85.24,-1.402777778
43.83,-82.64,5.3
42.64,-85.29,0.133333333
45.79,-88.08,-0.208333333
46.47,-90.19,2.844444444
44.31,-85.21,0.1
43.06,-83.31,-2.222222222
45.95,-86.25,0.425
45.41,-84.22,-3.7
45.37,-84.98,1.675
42.98,-82.42,-2.455555556
46.06,-88.63,7.388888889
41.93,-85.64,0.077777778
45.17,-84.44,1.622222222
44.25,-84.2,-2.911111111
43.61,-93.3,-2.322222222
45.38,-96.15,-0.877777778
43.65,-92.97,0.2
44.72,-96.27,0.1
46.7,-92.53,-3.85
45.58,-94.39,-4.8
43.64,-94.47,-3.977777778
45.66,-95.44,-3.5
47.75,-90.33,-1.888888889
43.7,-92.56,1.1
47.24,-93.5,-1.7
46.41,-94.36,1.65
47.23,-95.19,0.466666667
47.25,-94.22,-0.2
45.13,-94.53,0.069444444
45.96,-94.89,5.425
44.47,-95.79,-2.1
45.12,-95.93,-7.2
46.44,-92.76,0
45.59,-95.87,1.1
46.67,-94.11,-0.488888889
44.01,-96.33,-3.5
47.89,-96.27,5.125
44.72,-93.1,-2.255555556
44.25,-94.99,-0.95
44.24,-95.63,-0.888888889
47.03,-91.67,2.75
46.39,-95.15,2.577777778
48.89,-95.33,-0.375
44.07,-93.53,-2
45.81,-96.5,4.2
43.86,-95.12,-1.755555556
43.76,-94.17,-5.2
44.3,-92.67,1.5
33.83,-88.52,13.46666667
34.63,-88.56,3.375
31.54,-90.46,13.8
34.19,-90.56,12.88888889
31.64,-89.56,7.122222222
34.88,-88.62,11.97222222
33.56,-89.24,19.97222222
31.25,-89.34,8.8
33.06,-89.58,10.88888889
33.14,-89.07,6
31.55,-90.11,3.666666667
33.45,-90.51,3.025
32.34,-89.08,13.3
32.77,-89.13,-0.275
30.84,-89.55,4.75
34.37,-89.53,11.83333333
39.89,-94.36,-3.1
38.19,-94.03,-1.1
39.77,-93.06,0.2
39.42,-93.13,-1.5
40.14,-91.52,-6.411111111
39.36,-93.49,-3.6
39.15,-90.78,-14.77777778
37.79,-90.41,-1.955555556
38.85,-91.94,-6.088888889
39.72,-91.37,-6.2
37.38,-89.67,3.7
38.59,-92.18,0.088888889
37.49,-94.31,-8.9
37.55,-91.88,-7.7
37.39,-93.95,2.8
37.3,-89.97,-3.066666667
37.33,-92.91,-1.2
40.35,-94.83,-3.125
39.42,-92.44,-7.6
37.15,-92.26,1.222222222
36.86,-94.36,3.6
37.84,-94.37,0.511111111
39.42,-92.81,-2.1
39.64,-91.25,-6.222222222
38.68,-93.22,1.8
37.81,-92.23,0.175
47.88,-114.03,-2.25
45.83,-109.95,-0.6
45.77,-108.48,-8.6
46.23,-112.11,-1.411111111
45.66,-111.05,-4
48.52,-105.3,0
45.54,-106.96,-3.083333333
47.22,-111.71,-4.9
48.52,-110.97,0.111111111
48.59,-109.23,4.7
47.82,-112.19,-1.2
45.89,-106.63,0.744444444
45.64,-109.27,-2.1
48.19,-114.13,2.9
48.15,-104.51,-3.7
45.21,-112.64,-1.5
45.89,-104.55,-0.3
45.34,-111.71,1.3
47.62,-111.99,0.775
46.82,-108.37,-6.275
48.5,-109.8,-1.8
47.6,-112.75,3.575
47.11,-104.72,-3.7
48.98,-111.4,-2.844444444
47.03,-108.8,-2.144444444
46.26,-114.16,4.875
48.08,-116,-1.8
46.99,-112.01,-5.8
48.34,-114.02,-3.6
45.92,-108.24,-5.177777778
46.29,-107.23,-5.422222222
48.3,-114.26,-2
48.4,-115.54,-3.511111111
47.97,-115.22,-2.472222222
46.6,-107.87,-5.966666667
47.06,-109.95,-5.597222222
45.24,-109.73,0
45.49,-111.63,-7.433333333
47.68,-114.24,0.366666667
45.97,-109.26,-6.3
47.45,-104.34,-6.2
47.21,-113.52,-1.8
47.73,-104.15,-10.05
46.51,-114.09,-3.111111111
46.79,-105.3,-3.4
46.33,-111.54,-5
48.31,-112.25,-5.85
47.88,-105.37,-0.4
45.29,-111.95,-2.566666667
48.5,-113.98,-5.6
46.99,-104.16,-0.311111111
45.62,-113.45,0.8
42.55,-99.86,-6.3
41.57,-101.69,-4.188888889
40.37,-95.75,-6.3
40.13,-99.83,-1.4
40.05,-101.53,-3.2
41.41,-99.68,2.5
41.78,-99.14,-6.344444444
42.91,-98.85,-1.255555556
40.28,-100.14,0.5
41.12,-98.03,-9.933333333
41.46,-97.33,-4.811111111
40.61,-96.87,-10.59722222
40.23,-100.83,-2.5
41.25,-97.13,-2.722222222
42.26,-98.34,-2.05
40.07,-97.17,-5.2
41.43,-96.47,-2.1
40.53,-97.6,-8.7
41.45,-97.76,-7.2
42.89,-102.2,4.033333333
40.94,-100.15,-4.588888889
42.69,-103.88,0.311111111
42.62,-97.26,-5.833333333
40.65,-98.38,-1.9
40.18,-97.59,-4.1
40.45,-99.38,3.475
40.52,-101.66,1.944444444
40.73,-99.01,-4.2
41.25,-103.63,1.597222222
41.21,-101.67,-2.511111111
41.15,-102.64,2.444444444
40.85,-101.54,-0.325
40.22,-100.62,-2
40.38,-100.22,-4.477777778
40.52,-98.95,-1.6
42.06,-97.97,-0.275
41.13,-101.72,0.555555556
42.46,-98.66,-1.375
41.18,-97.55,-2.688888889
41.4,-102.35,0.5
41.03,-98.92,-0.166666667
40.1,-98.52,-0.622222222
40.9,-97.09,-2.9
40.67,-96.19,-5.366666667
40.35,-96.19,-2.7
40.17,-101.06,-6.6
42.26,-96.86,-6.6
41.85,-96.71,-1.4
39.13,-119.77,-0.225
36.44,-115.36,-7.333333333
37.62,-118.01,-2.575
39.08,-119.94,0.5
40.66,-118.16,6.322222222
40.18,-118.51,4
39.41,-114.77,-3.3
38.95,-119.78,-5.1
40.2,-115.49,2.75
35.47,-114.92,-5.033333333
44.45,-71.19,-3.5
43.14,-70.95,-3.9
45.09,-71.29,-2.8
43.71,-72.29,-6.544444444
42.94,-72.32,1.5
44.26,-71.25,-1.6
40.57,-74.88,-0.455555556
40.27,-74.56,-2.6
39.81,-74.79,-8.5
32.75,-104.38,2.3
34.08,-107.62,-8.75
36.84,-108,-3.044444444
32.9,-107.31,-4.025
32.35,-104.22,-1.35
36.47,-104.95,-4.1
34.6,-103.22,-0.8
35.41,-104.19,-0.45
36.56,-105.26,-3.075
35.04,-108.35,0.366666667
33.32,-108.88,-1.4
34.26,-106.09,-9.977777778
36.59,-103.62,-12.75
32.31,-108.65,1.475
35.86,-106.32,-4.2
32.95,-105.82,-8.777777778
35.11,-103.33,-7.011111111
33.24,-103.36,3.644444444
35.2,-103.69,-6.977777778
32.78,-106.18,-2.055555556
33.35,-107.65,-1.855555556
35.95,-106.75,-0.95
43.27,-78.17,-5.511111111
42.31,-78.02,-1
43.44,-75.37,0.1
40.95,-72.31,-5.3
42.85,-77.28,-4.022222222
42.72,-74.93,-1.8
42.57,-77.72,-1.533333333
42.1,-76.84,2.3
42.33,-78.46,3.775
44.35,-75.51,1.8
43.76,-74.27,-0.9
42.45,-76.45,-1.5
44.25,-73.99,-6.8
43.79,-75.48,-0.1
41.77,-74.16,-8.8
42.51,-75.52,-2.6
43.46,-76.49,-6.444444444
44.57,-73.57,-6.6
41.38,-74.68,2.275
41.39,-73.96,-3.166666667
43.56,-73.4,0.177777778
35.4,-80.2,6.877777778
35.7,-79.84,4.2
35.5,-82.6,-0.5
35.91,-79.08,2.2
35.41,-80.58,2.5
35.31,-83.17,5.6
36.02,-76.55,0.375
35.06,-78.86,1.8
35.27,-81.14,6.688888889
34.89,-79.69,7.144444444
35.06,-83.2,4.655555556
35.97,-79.97,-3.4
36.4,-77.42,5.2
35.19,-79.68,2.569444444
35.2,-77.54,8.322222222
34.75,-79.47,11.8
35.92,-81.54,5.522222222
35.85,-80.26,7.45
35.8,-82.67,-3.8
34.98,-80.52,8.511111111
34.73,-76.74,2.5
35.73,-81.67,5.311111111
36.5,-80.65,5.8
35.27,-82.65,1.9
35.87,-76.66,0
35.79,-78.7,3.888888889
35.68,-80.48,2.675
35.33,-81.53,-0.5
35.76,-79.46,0.875
35.81,-80.88,14.6
35.88,-77.54,4.711111111
36.39,-81.3,2.7
35.21,-82.25,8
34.96,-80.08,2.222222222
35.77,-83.1,5.3
35.49,-82.97,5.6
35.85,-77.03,5.9
35.69,-77.95,5.188888889
46.04,-99.37,-0.822222222
48.82,-100.45,-1.5
46.18,-103.41,2.475
48.91,-103.29,-3.388888889
48.46,-98.52,1.777777778
47.92,-97.1,1.4
46.88,-98.69,3
48.67,-102.1,0.05
48.76,-98.34,1.925
46.81,-100.91,-1.575
47.48,-100.44,-4.6
47.58,-98.64,-2.725
46.39,-97.24,0.527777778
48.18,-101.3,0.211111111
46.51,-99.77,5.222222222
46.54,-102.87,-2.744444444
46.89,-101.49,2.2
48.04,-98.01,4.041666667
46.89,-102.32,-0.555555556
48.46,-102.59,2.3
48.37,-100.39,2.3
47.52,-100.89,4.3
48.61,-100.73,2.2
47.6,-103.26,-1.055555556
40.35,-83.77,-2.611111111
41.38,-83.61,-0.3
40.81,-82.97,-1.3
41.58,-81.18,0.7
39.61,-82.95,-1.4
39.76,-84.19,-2.75
41.28,-84.38,-5.9
41.38,-82.06,-7.975
41.05,-83.66,-7
38.82,-82.18,-3.633333333
40.1,-84.65,-6.711111111
41.31,-81.01,2.225
40.72,-84.13,-2.1
40.77,-82.62,-9.575
40.24,-83.37,-8.9
40.09,-82.41,-1.3
39.73,-82.22,-1.3
41.75,-81.3,-6
40.95,-83.96,-5.2
41.12,-84.59,-0.2
38.76,-82.89,-4.222222222
40.85,-84.58,-1.5
41.2,-80.81,3.6
41.52,-84.15,-2.6
39.11,-82.98,-2.175
39.48,-83.85,-2.244444444
40.78,-81.92,-4
39.6,-83.91,-5.625
34.88,-99.3,7.925
36.81,-100.53,2.1
35.98,-96.78,-5.861111111
36.42,-97.87,0.8
36.59,-101.62,-0.6
35.82,-97.4,-5.475
34.09,-96.77,6.7
33.88,-97.16,8.8
36.23,-99.17,2.85
36.94,-97,1.291666667
35.23,-96.65,6.444444444
36.58,-98.88,-0.175
45.72,-120.21,5.222222222
42.21,-122.71,0.9
43.15,-124.4,3.833333333
44.06,-121.29,-2.6
45.64,-121.95,-4.8
46.11,-123.21,0.2
45.21,-123.89,-16.9
45.23,-120.18,-5.6
44.63,-123.19,-5.388888889
43.79,-123.03,-0.4
42.9,-122.13,3.955555556
43.78,-122.96,0.625
43.67,-123.33,-8
45.45,-121.13,0.655555556
45.27,-122.32,-8.333333333
45.52,-123.1,-1.525
45.3,-121.74,2.844444444
45.45,-122.15,-4.388888889
45.37,-119.56,-1.65
45.68,-121.52,3.225
44.1,-122.69,-0.044444444
43.98,-117.02,2
44.61,-121.95,-2.5
45.48,-120.72,0.2
45.03,-123.92,-3.977777778
43.65,-117.25,6.4
42.73,-122.52,-13.175
42.95,-123.36,-10.2
44.14,-118.98,3.333333333
45.12,-122.07,4.044444444
43.68,-121.69,-3.811111111
41.9,-78.71,0.4
39.94,-77.64,-6.455555556
41.19,-79.44,0.85
39.8,-79.37,-2.6
40.16,-79.87,1.911111111
41.4,-79.83,0.322222222
40.6,-79.12,-1.922222222
41.5,-80.47,-2.9
41.68,-78.8,0
40.12,-76.43,-8.075
40.59,-77.57,-3.4
41.02,-80.36,-0.775
41.42,-78.75,0.322222222
40.06,-77.52,-3.8
41.06,-80.06,-2.6
40.79,-77.87,-4.233333333
41.75,-76.44,0.8
39.92,-79.72,-0.566666667
41.85,-79.15,0.5
39.92,-76.75,-2.125
41.49,-71.54,-8.3
34.53,-82.66,7.2
33.3,-81.03,6.486111111
34.09,-82.59,3.3
34.73,-79.88,5.9
34.68,-81.2,7.9
33.66,-82.19,-0.25
34.66,-82.82,4.3
33.98,-81.02,-0.277777778
33.83,-79.06,-0.55
34.3,-79.88,10.9
34.5,-82.02,8.111111111
34.19,-81.42,11
34.71,-79.57,4.066666667
34.88,-82.72,10.87777778
34,-81.77,15.01111111
34.64,-81.52,3.4
33.94,-80.36,18.125
34.75,-83.08,7.9
34.37,-81.08,5.9
34.94,-81.03,0.222222222
43.49,-99.06,-1.622222222
43.65,-97.78,-4
45.53,-102.47,-6.45
45.79,-97.75,-4.777777778
44.33,-96.77,0.8
43.04,-96.9,-1.666666667
45.73,-98.3,1.8
43.96,-101.86,-2.222222222
44.39,-97.56,-1.533333333
45.05,-101.61,-4.111111111
45.77,-99.62,-4.8
45.04,-99.13,-0.977777778
44.05,-96.59,3.333333333
44.07,-98.08,-7.8
44.41,-103.48,-4.8
43.24,-99.43,0.2
43.44,-103.47,-9.3
43.91,-99.86,-7.7
44.35,-103.74,-2
45.94,-102.16,-6.2
45.84,-101.28,-3.255555556
45.16,-98.58,5.166666667
43.24,-97.57,-8.3
44.52,-98.98,3.6
43.89,-100.71,-6.075
44.72,-103.43,-0.7
43.19,-103.24,-3.75
43.07,-98.53,-3.6
45.9,-100.29,-3.466666667
45.67,-97.04,0.055555556
45.43,-101.08,-1.7
42.99,-97.87,-3.3
42.76,-96.92,-6.275
43.73,-98.71,0.833333333
43.5,-100.48,5.888888889
36.38,-84.87,-1.755555556
35.26,-88.99,9.1
35.59,-89.26,5.177777778
36.25,-85.95,10
36.55,-87.34,4.375
35.55,-89.7,5.575
36.01,-85.13,-6.611111111
36.08,-87.4,3.825
36.48,-87.86,3.55
35.69,-83.54,5.888888889
36.11,-82.84,8.3
35.62,-88.85,0.944444444
35.41,-86.81,4.5
36.34,-88.86,3.05
35.67,-85.78,1.866666667
35.93,-88.73,6.566666667
35.92,-86.37,12
35.98,-83.2,6.6
36.29,-88.3,5.8
36.42,-82.98,4.222222222
36.47,-86.84,4.7
36.39,-89.03,-3.444444444
35.3,-87.76,1.2
29.79,-94.63,2.022222222
31.74,-99.98,-2.4
29.91,-94.99,3.355555556
30.07,-94.29,-1.225
28.46,-97.71,0.3
29.8,-98.74,1.466666667
35.64,-101.45,-3.455555556
31.14,-99.35,0.4
30.16,-96.4,2.1
34.98,-101.93,4.2
31.81,-94.16,3.6
29.27,-103.3,6.525
32.31,-97.41,8.188888889
31.83,-99.43,6.033333333
30.33,-95.48,-1.888888889
33.65,-101.25,-5.5
29.06,-96.23,10.02222222
33.2,-97.11,3.333333333
29.63,-97.06,4.111111111
30.24,-98.91,5.8
33.12,-98.57,5.975
29.47,-96.94,2.5
32.18,-94.8,7.877777778
34.82,-102.4,-5.7
30.71,-95.54,1.6
32.72,-101.95,1.911111111
33.55,-102.38,1.3
30.74,-98.65,-3
29.68,-97.66,3.666666667
30.94,-95.92,7.488888889
32.54,-94.35,2.6
28.68,-95.97,8
34.73,-100.54,-2.2
30.71,-104.02,-3.1
33.17,-95.01,-0.588888889
34.22,-102.73,-2.822222222
34.19,-101.7,-8.566666667
32.45,-100.53,4.033333333
31.81,-95.14,3.4
32.71,-102.66,2.075
33.7,-96.64,0.655555556
30.01,-97.16,-0.955555556
33.15,-95.63,0.088888889
34.55,-101.76,-1.9
32.75,-97.77,3.8
31.86,-97.38,-1.975
32.7,-96.02,1
37.44,-112.48,-5.708333333
38.71,-112.95,1.9
37.61,-109.48,-13.2
37.28,-109.56,-4.388888889
40.62,-111.78,5.6
40.4,-111.53,1
39.29,-112.65,-0.4
40.17,-110.4,-1.322222222
40.18,-112.92,3.15
40.97,-111.44,-1.3
39.36,-111.6,0.455555556
40.36,-109.35,-3.4
37.03,-112.54,-3.933333333
41.83,-111.32,-0.6
39.56,-111.87,6.375
41.75,-111.8,5.2
39.26,-111.63,5.2
37.15,-109.87,-3.777777778
39.71,-111.83,5.966666667
39.38,-112.33,4.111111111
39.63,-113.89,1.111111111
41.26,-111.84,7.555555556
40.37,-111.73,-0.611111111
38.76,-112.08,-1.933333333
41.91,-111.81,0.155555556
40.29,-109.96,1
39.96,-111.78,3.922222222
40.6,-111.58,2.133333333
40.08,-111.6,-0.844444444
40.54,-112.32,-4.8
40.44,-109.52,-4.111111111
41.53,-111.15,-2.527777778
37.21,-112.98,-6.1
43.38,-72.6,-1.825
44.95,-72.19,-3.075
43.63,-72.98,1
44.42,-72.02,-4.9
37.2,-80.41,-1.675
37.09,-81.34,2
38.03,-78.52,-1.4
36.82,-79.41,4.4
38.45,-78.94,-0.477777778
36.68,-76.77,-1.666666667
37.3,-77.28,-6.9
38,-79.83,-0.344444444
36.6,-78.3,-5.155555556
37.78,-79.44,6.9
38.04,-78.01,-1.8
39.06,-77.89,-5.694444444
38.23,-78.12,1.3
38.17,-79.08,-2.588888889
36.73,-76.6,-3.4
37.74,-77.04,-7.7
37.99,-76.78,-6.744444444
37.3,-76.7,-1.188888889
38.9,-78.47,4.9
36.96,-81.09,1.555555556
48.51,-122.61,-6.875
48.98,-122.79,-14.23611111
47.41,-121.76,8.575
46.72,-122.95,-3.7
48.27,-117.74,1.544444444
48,-119.65,-3.666666667
48.97,-122.33,-7.5
48.54,-121.74,7.097222222
47.95,-119,-1.2
47.66,-118.16,5.766666667
48.71,-121.14,1.788888889
47.01,-123.4,-11.93055556
47.98,-122.2,-8.2
47.96,-124.35,-8.3
46.82,-117.88,0.225
47,-118.57,-1.9
46.51,-120.17,-4.311111111
47.14,-121.94,2.244444444
47.33,-118.7,0.733333333
48.61,-122.81,-10.6
47.31,-121.85,-7.1
46.76,-117.19,-3.111111111
47.22,-119.85,-8.111111111
48.65,-118.73,-4.888888889
46.31,-119.26,6.4
47.12,-118.37,5.1
47.23,-117.36,1.5
45.68,-122.65,7.333333333
47.43,-120.31,-1.111111111
47.77,-118.72,4.977777778
48.47,-120.19,-2.333333333
39.27,-79.37,4.511111111
37.76,-81.19,1.9
38.98,-80.22,-0.8
39.27,-80.35,-4.6
39.47,-80.13,-6.055555556
38.93,-80.83,0.5
38.28,-82.11,-9.4
38.68,-82.18,-10
38.19,-81.37,-8.111111111
38.1,-81.85,-6.4
39.47,-80.86,-4.277777778
38.82,-81.71,-3.5
38.8,-81.36,0.275
39.11,-78.58,-4.85
37.79,-80.31,2.277777778
38.53,-81.92,-7
44.33,-91.92,-4.85
45.3,-92.36,-0.944444444
44.28,-88.44,-1.8
43.46,-89.73,-1.9
45.09,-91.49,0.75
42.63,-89.39,-1.6
44.03,-88.15,0.1
44.62,-88.75,-3.375
45.53,-92.02,2.9
44.73,-92.46,-1.666666667
43.8,-88.45,2.7
42.91,-88.86,-2.7
43.57,-91.23,-6.6
43.24,-88.12,-1.322222222
46.25,-91.8,-0.475
46.49,-90.44,4.430555556
44.12,-89.54,-2.2
42.56,-87.82,-0.5
42.83,-90.79,-3.1
43.21,-91.1,-7.4
44.09,-87.65,1.9
45.1,-87.62,4.522222222
44.64,-90.13,-2.3
44.17,-90.35,0.033333333
45.13,-90.34,-1.3
45.18,-89.66,0.925
43.07,-88.03,-5.1
45.89,-89.73,4.666666667
44.54,-90.54,-0.4
43.1,-88.5,-1.8
44.89,-87.96,2
44.02,-88.56,-4.3
44.98,-90.55,-3.5
43.73,-87.97,0.4
43.53,-89.43,0.044444444
43.05,-91.14,0.4
42.7,-87.79,4.322222222
45.6,-89.45,0.111111111
45.42,-91.77,-0.555555556
43.33,-90.39,1.2
44.85,-92.61,0.8
44.75,-89.25,-1.222222222
45.41,-92.65,-2.144444444
44.76,-88.62,1.3
45.82,-91.88,-2.077777778
44.95,-90.93,-1.5
44.51,-89.59,0.1
44.88,-87.34,-1.377777778
44,-91.44,-4.855555556
44.14,-87.57,2.625
43.56,-90.88,1.333333333
45.36,-86.89,-0.4
43.17,-88.74,-0.3
44.35,-89.06,1.544444444
42.85,-88.72,0.411111111
43.61,-89.77,-1.6
44.39,-89.81,-6.625
43.77,-111.03,1.188888889
44.38,-108.04,0
41.76,-104.82,-0.766666667
44.1,-105.12,-0.763888889
41.69,-106.41,-1
44.26,-105.49,-2.444444444
43.71,-106.64,1.488888889
44.84,-108.4,3.111111111
43.85,-104.19,-1.575
41.63,-104.49,-1.925
43.25,-104.29,-3.011111111
44.84,-106.84,0.527777778
44.92,-110.42,0.9
44.09,-104.61,-1.013888889
42.11,-104.95,-7.65
44.98,-110.7,-1
35.14,-111.67,-5.5
33.63,-116.16,1.8
39.35,-81.44,-8.555555556
35.74,-81.38,-2.4
35.59,-88.92,2.6
32.68,-83.65,6.5
37.07,-88.77,-4.7
33.36,-81.96,5.3
32.13,-81.21,2.9
36,-84.25,-1.288888889
30.59,-96.36,0.655555556
38.8,-97.65,-9.366666667
32.9,-97.02,-1.5
36.77,-96.03,0.5
42.2,-75.99,-5.144444444
28.43,-81.33,-4.375
29.18,-81.05,-4.355555556
26.59,-81.86,-4.755555556
27.96,-82.54,-3.811111111
29.99,-90.25,0.7
29.95,-94.02,1.7
29.64,-95.28,-0.8
25.92,-97.42,1.111111111
29.54,-98.48,-0.2
27.78,-97.51,-0.555555556
28.72,-96.25,1.7
38.3,-76.42,-1.425
35.89,-78.78,-4
36.1,-79.94,-6.6
39.38,-74.42,-6.4
38.89,-79.85,-6.044444444
37.32,-79.21,-2.8
39.4,-77.98,-6.4
39.64,-79.92,-7.3
36.9,-76.19,-2.4
39.87,-75.23,-6.3
37.51,-77.32,-4.4
37.32,-79.97,-6
38.85,-77.03,-5.9
34.19,-79.72,5.4
34.27,-77.9,4.2
36.82,-76.03,0.430555556
39.67,-75.6,-6
32.78,-79.93,0.9
38.52,-89.85,-13.1
32.33,-88.74,7.2
38.38,-81.59,-5.7
39.28,-81.56,-4.7
31.54,-82.51,3
33.59,-85.86,4.1
35.6,-82.56,-3.1
33.95,-83.33,-0.8
33.63,-84.44,0.2
33.57,-86.75,3.9
36.47,-82.4,-2.1
31.15,-81.39,1.5
32.9,-80.04,0.9
35.22,-80.96,2.2
35.03,-85.2,-1.3
33.95,-81.12,1.2
30.48,-81.7,2.6
35.82,-83.99,2.2
35.06,-89.99,-2.6
30.68,-88.24,3.2
32.3,-86.41,3.6
34.74,-87.6,0.8
36.12,-86.69,-0.2
30.48,-87.19,3.6
32.52,-92.04,3
32.45,-93.84,1
30.32,-97.76,-0.9
31.62,-97.23,1.8
32.85,-96.86,-3.5
32.41,-99.68,-0.1
34.73,-92.24,0.6
35.33,-94.36,-4.9
33.98,-98.49,-1.3
35.39,-97.6,-10.1
36.2,-95.89,-6.1
36.74,-97.1,-6.6
30.54,-91.15,2.5
36.3,-99.77,-7.1
30.21,-91.99,1.2
33.45,-94.01,3.6
33.5,-90.09,6.1
37.16,-98.03,0
37.67,-95.48,-7.5
37.76,-99.97,-8.6
37.15,-94.5,-6.2
39.12,-94.6,-6.8
38.75,-90.37,-9.1
37.24,-93.4,-7.9
39.07,-95.63,-10
44.32,-69.8,-4.1
44.8,-68.82,-3.475
46.87,-68.02,-5.4
46.12,-67.79,-1.9
40.78,-73.88,-5.6
42.95,-78.74,-3.3
40.68,-74.17,-7.5
42.74,-73.81,-5
40.65,-75.45,-5.6
42.36,-71.01,-3.2
41.94,-72.68,-6.7
44.47,-73.15,-6.1
43.2,-71.5,-4.6
43.35,-73.62,-0.4
41.74,-72.65,-7.4
44.27,-71.3,-7.9
43.65,-70.3,-6.6
41.72,-71.43,-7
43.12,-77.68,-5.1
43.11,-76.1,-4.1
41.33,-75.73,-6.055555556
41.24,-76.92,-4.5
42.61,-82.82,-3
40.31,-88.16,-7.6
44.27,-85.4,-4.3
41.41,-81.86,-3.9
39.99,-82.88,-9.6
42.41,-83.01,-5.2
41.01,-83.67,-6.5
42.97,-83.75,-6.6
40.97,-85.21,-6.7
43.98,-84.49,-2.1
42.27,-84.47,-4.9
43.14,-89.35,-4.9
46.55,-87.38,0.155555556
42.96,-87.9,-4.8
43.17,-86.24,-7.8
45.56,-84.79,-3.8
40.67,-89.68,-9.6
43.53,-84.08,-6.6
41.45,-82.72,0.275
46.48,-84.36,-6.1
41.71,-86.32,-6.8
44.74,-85.58,-4.6
41.25,-80.67,-5.5
42.08,-80.18,-4.9
40.92,-81.43,-7.1
44.93,-89.63,-3.6
44.5,-88.11,-5.2
45.87,-95.39,-3
46.84,-92.21,-3.9
46.93,-96.81,-2.6
47.94,-97.18,0.8
48.56,-93.4,-0.1
46.93,-98.67,0.2
43.88,-91.25,-5.8
44.88,-93.23,-4.9
41.47,-90.52,-7.9
48.97,-97.24,4.083333333
43.9,-92.49,-5.3
45.54,-94.05,-3.9
45.46,-98.41,-2.4
41.53,-93.65,-9.8
40.96,-98.31,-8.7
44.4,-98.22,-4.8
43.15,-93.33,-4.5
41.99,-97.44,-9.2
41.31,-95.9,-6.9
42.39,-96.38,-7
43.59,-96.73,-4.7
44.9,-97.15,-1.8
41.11,-92.45,-6.2
44.87,-91.49,-4.8
44.55,-95.08,-5.3
45.77,-92.69,-5.977777778
34.43,-100.28,-3.2
33.31,-104.51,-1.9
31.94,-102.19,-0.2
31.37,-100.49,0.3
31.78,-103.2,-3.4
33.65,-101.81,-8.9
31.81,-106.38,-2.9
35.23,-101.71,-7.1
35.04,-106.62,-6.8
36.45,-103.15,-13
35.65,-105.14,-6.9
37.44,-105.86,-5.8
39.76,-104.87,-1.855555556
39.37,-101.7,-8
39.13,-108.54,-3.2
38.05,-103.51,-6.6
37.26,-104.34,-7.7
34.93,-100.89,-0.477777778
33.81,-118.15,-5.122222222
39.3,-114.85,-3.5
35.43,-119.05,-2.2
37.37,-118.36,-4.6
33.62,-114.71,-0.6
32.13,-110.96,-4.7
34.85,-116.79,-1.444444444
39.34,-112.59,2.7
36.07,-115.16,-14.9
38.37,-110.72,-9.775
33.94,-118.39,-4.1
34.77,-114.62,-6.7
33.43,-112,-9.8
34.65,-112.42,-7.9
39.48,-119.77,-16.1
32.73,-117.18,-1.8
34.43,-119.84,-1.9
35.03,-110.72,-5.1
38.51,-121.5,-4.1
36.66,-121.61,-4.6
37.62,-122.36,-5.4
37.89,-121.23,-3.6
37.41,-122.05,-6.2
37.62,-120.95,-5.133333333
38.56,-121.42,-6.2
37.77,-122.43,-4.1
34.9,-120.45,-4.6
46.77,-100.76,-1.3
46.8,-102.8,-0.4
48.26,-101.27,-2.5
40.17,-103.22,-6.155555556
41.15,-104.81,-3.4
40.52,-101.03,-4.208333333
42.82,-108.73,-1.9
41.31,-105.67,-0.3
41.12,-100.67,-5.5
44.38,-100.29,-3.2
41.59,-109.05,-1.7
41.87,-103.59,-5.4
44.77,-106.97,-0.2
42.88,-100.55,-7.4
45.81,-108.54,-4
47.05,-109.46,-0.5
46.43,-105.88,-2.3
41.81,-107.2,-1
42.9,-106.46,1.2
44.04,-103.05,-1.4
40.83,-115.79,-4.2
40.78,-111.97,-3.4
40.9,-117.81,-1.5
44.84,-117.81,1.4
43.57,-116.24,-7.2
45.79,-111.16,-4.9
42.54,-113.77,0.6
45.96,-112.5,-1.5
48.6,-112.38,-3.7
46.64,-113.18,-10.5
47.31,-119.52,0.5
47.47,-111.38,1
46.61,-111.96,-6
43.52,-112.07,1
46.37,-117.02,-6.7
45.7,-110.44,-2.2
46.92,-114.09,-2.7
45.69,-118.85,3.5
42.92,-112.57,1.6
47.62,-117.53,-0.1
47.19,-114.89,-4.55
46.09,-118.29,-5.1
40.07,-118.57,-3.1
40.72,-114.04,2.458333333
40.81,-124.16,-1
40.15,-122.25,-5.8
48.79,-122.54,-8.6
45.62,-121.17,-2.1
44.13,-123.22,-2.7
42.38,-122.87,-7.2
46.97,-122.9,-3.5
45.59,-122.6,-7.4
44.26,-121.14,1.9
44.91,-123,-6.1
47.44,-122.31,-15.6
42.6,-123.36,-2.9
46.57,-120.54,-1.6
43.41,-124.24,-4.633333333
39.23,-106.32,-0.075
39.19,-103.72,-0.8
31.46,-109.61,-5.9
32.33,-104.26,1.2
38.81,-104.69,-6.1
36.02,-102.55,-7
37.71,-113.09,3
34.05,-118.24,-2.8
34.23,-111.34,-5.375
36.78,-119.72,-8.4
35.67,-120.63,-6.6
35.07,-77.05,4.3
38.34,-75.51,-2.6
39.17,-76.68,-5.4
30.4,-84.33,4.5
36.96,-86.42,-6.5
39.04,-84.67,-9.3
39.91,-84.22,-7.7
38.04,-87.52,-7.5
39.71,-86.28,-11.2
38.04,-84.61,-8.8
38.18,-85.74,-7.6
39.84,-89.68,-9.4
39.94,-81.89,-7
32.52,-84.94,1
34.5,-82.71,1.5
31.18,-90.47,3.3
34.99,-99.05,-5.3
31.24,-94.75,0.9
39.94,-91.19,-9.8
33.22,-92.81,8.266666667
38.88,-98.81,-8.3
48.21,-106.62,-1
48.17,-103.64,0.7
41.16,-73.13,-5.666666667
44.2,-72.58,-4.6
44.94,-74.85,-4.244444444
40.78,-73.97,-6.8
42.27,-71.87,-6.6
43.99,-76.02,-2.5
42.19,-89.09,-7.1
40.48,-80.21,-5.9
42.4,-90.7,-6.3
42.55,-92.4,-5.4
42.88,-97.36,-7.355555556
40.08,-95.59,-4.9
46.9,-95.07,-1.6
