"Figure 2. Southwestern U.S. Lands Under Drought Conditions, 2000-2015",,,,,,,
Source: EPA's Climate Change Indicators in the United States: www.epa.gov/climate-indicators,,,,,,,
"Data source: National Drought Mitigation Center, 2016",,,,,,,
Web update: August 2016,,,,,,,
Units: percent of land area,,,,,,,
,,,,,,,
Month,Day,Year,D0 Abnormally dry,D1 Moderate drought,D2 Severe drought,D3 Extreme drought,D4 Exceptional drought
12,29,2015,19.58504319,15.09210355,12.59217706,9.215869744,11.9826512
12,22,2015,19.87197303,14.37064793,13.30660551,9.220554521,11.9826512
12,15,2015,19.69714804,14.34440169,13.44631739,9.220554521,11.9826512
12,8,2015,20.25464963,13.96259239,13.79413977,9.25219905,11.9826512
12,1,2015,20.25464963,13.96259239,13.45215107,9.59653014,11.9826512
11,24,2015,17.99405181,16.24622821,13.97978975,9.59653014,11.9826512
11,17,2015,18.10427701,16.24622821,13.97978975,9.59653014,11.9826512
11,10,2015,17.76248925,15.90248168,15.00193344,9.59653014,11.9826512
11,3,2015,19.040961,15.93189104,15.14542452,9.504761003,12.07283811
10,27,2015,18.05085396,17.38510022,14.50623226,8.926824929,13.29547329
10,20,2015,22.9682416,18.29893247,14.69218179,8.926824929,13.29547329
10,13,2015,19.87671125,19.3668936,14.85588375,9.290737023,13.29547329
10,6,2015,19.20147996,19.3668936,14.85588375,9.290737023,13.29547329
9,29,2015,19.25356041,19.57604034,14.88119938,9.290737023,13.29547329
9,22,2015,20.19678222,20.11714443,14.96601846,9.290737023,13.29547329
9,15,2015,16.15875274,21.43880281,15.25472958,9.290737023,13.29547329
9,8,2015,16.13833723,21.45149598,15.25472958,9.290737023,13.29547329
9,1,2015,15.02714802,21.45149598,15.25472958,9.290737023,13.29547329
8,25,2015,14.8856427,21.45149598,15.25472958,9.290737023,13.29547329
8,18,2015,14.8856427,21.45149598,15.25472958,9.290737023,13.29547329
8,11,2015,13.11944237,22.51815607,15.95416106,9.290737023,13.29547329
8,4,2015,12.8888992,22.22783617,16.10393028,10.42835787,12.52809344
7,28,2015,12.8888992,22.22783617,16.10393028,10.42835787,12.52809344
7,21,2015,12.58466912,22.53057671,14.89194479,11.63876114,12.52809344
7,14,2015,12.01172775,19.98869662,18.006875,11.63876114,12.52809344
7,7,2015,15.73781736,20.06351182,18.006875,11.46776679,12.69908779
6,30,2015,15.73781736,20.0579177,18.0148115,11.46776679,12.69908779
6,23,2015,15.73781736,20.0579177,18.0148115,11.46776679,12.69908779
6,16,2015,13.51641569,21.80683118,18.48893083,11.46776679,12.69908779
6,9,2015,14.73704017,21.83409825,20.50235013,10.89658303,13.57722349
6,2,2015,9.723201801,25.03163012,21.52913418,11.4075847,13.85411313
5,26,2015,9.990077987,25.0658893,22.23185069,10.70252581,13.85411313
5,19,2015,10.70096931,28.19116903,23.49699488,10.69315625,13.86348268
5,12,2015,7.029880645,29.21883509,27.07861912,10.73499426,13.86348268
5,5,2015,6.929156443,27.70199308,28.80300649,10.73499426,13.86348268
4,28,2015,7.02713181,26.6889959,29.73656428,10.89321448,13.86348268
4,21,2015,7.714473941,25.75868098,31.2863939,10.80661065,13.86348268
4,14,2015,9.20791491,26.5317653,31.42652374,11.18950987,13.28959753
4,7,2015,9.207247416,26.51475767,31.42652374,11.18950987,13.28959753
3,31,2015,8.204793886,27.66496699,30.27351737,11.87348727,12.60796252
3,24,2015,8.222668244,34.40668975,23.51969637,11.87348727,12.60796252
3,17,2015,7.394327412,38.87318859,21.11195683,11.51777196,12.25894665
3,10,2015,8.194789579,39.40471481,19.68908279,11.51777196,12.25894665
3,3,2015,8.208703705,40.16040052,18.92315721,11.51777196,12.25894665
2,24,2015,7.781345004,38.08150062,19.95728931,12.80909169,12.25894665
2,17,2015,8.383901133,37.69233883,19.43949748,12.28087777,12.55877236
2,10,2015,17.48929629,28.53485577,19.79345405,12.36224394,12.12503185
2,3,2015,17.67261876,28.03277048,17.47604916,14.69912546,12.12503185
1,27,2015,15.24371909,26.36432459,20.55843859,15.04702958,12.12503185
1,20,2015,11.7707768,25.70367487,20.82425265,15.80940523,11.09760232
1,13,2015,11.81523857,26.39346783,20.08942396,15.80940523,11.09760232
1,6,2015,11.81523857,26.39346783,19.98870126,17.58086986,9.426100226
12,30,2014,11.62163899,26.45712836,19.94505008,17.75540144,9.426100226
12,23,2014,11.55370973,26.50397613,19.96613158,17.75540144,9.426100226
12,16,2014,11.55370973,26.50397613,19.96613158,17.75540144,9.426100226
12,9,2014,11.0091136,27.04857226,19.55621361,12.80827721,14.78314242
12,2,2014,11.0091136,27.04857226,19.55621361,12.80827721,14.78314242
11,25,2014,10.52368479,26.86066433,19.72052423,12.41604124,14.78314242
11,18,2014,10.48816776,26.86066433,19.72052423,12.41604124,14.78314242
11,11,2014,10.48816776,26.60117919,19.97842715,12.41604124,14.78314242
11,4,2014,10.41576487,26.6337535,19.97842715,12.41604124,14.78314242
10,28,2014,10.49774892,26.1102346,19.99837998,12.15837852,15.56315774
10,21,2014,10.51133808,26.1102346,19.99837998,12.15837852,15.56315774
10,14,2014,10.51133808,25.69440146,19.27643498,13.29963644,15.56315774
10,7,2014,10.50753492,25.60478576,19.16744895,13.63924923,15.56315774
9,30,2014,10.44789426,25.7135809,19.16298036,13.64371781,15.56315774
9,23,2014,9.987086235,26.66021095,19.48525667,13.71448102,15.56315774
9,16,2014,11.04820772,24.09236169,24.3250759,13.50948892,15.56315774
9,9,2014,10.8579881,23.19374712,25.30309874,13.81327641,15.56315774
9,2,2014,10.23534645,22.50319635,26.06407811,14.36590578,15.56315774
8,26,2014,9.346748631,22.15777222,27.2402996,15.14277898,15.56315774
8,19,2014,8.792974266,20.38259172,29.00942387,15.74999983,15.56315774
8,12,2014,8.087826292,19.82690739,29.80960524,16.32252865,15.56315774
8,5,2014,7.249867537,20.84155946,30.11629093,16.12281493,15.64061329
7,29,2014,4.92080797,21.66926873,28.92636253,18.75354796,15.70019448
7,22,2014,4.862436588,17.04429962,30.65109187,26.91009978,10.50537448
7,15,2014,5.171149937,17.36627257,29.2179159,27.87334427,10.51059414
7,8,2014,5.607018451,15.42006212,31.15560887,28.10465616,10.54825287
7,1,2014,6.222957939,14.75714565,31.44293022,27.76451329,10.64805137
6,24,2014,6.61271402,15.1552161,35.91130597,23.81117506,9.832900214
6,17,2014,6.61271402,15.1552161,35.91130597,23.81117506,9.832900214
6,10,2014,6.865546951,14.98681856,35.81917257,26.18587793,7.460447042
6,3,2014,6.259057979,15.3209487,36.43541951,25.8878644,7.507424024
5,27,2014,7.074947327,15.34704703,36.39540208,25.8940855,7.513382143
5,20,2014,6.318838529,15.58267889,36.64072632,25.31644261,8.367667256
5,13,2014,6.318838529,15.80538458,37.10527647,24.82728366,8.168080828
5,6,2014,8.123932886,19.47572775,33.89927938,24.21955552,8.165101769
4,29,2014,8.471994754,19.14556308,33.8887964,24.27001228,8.114645011
4,22,2014,9.167839542,19.98638022,33.58917028,22.68456443,8.024170824
4,15,2014,10.80396314,19.62197308,35.4725754,20.54414454,7.063263317
4,8,2014,10.95142821,21.65942124,33.35025461,20.54364382,7.024985776
4,1,2014,12.25315973,21.72626013,32.58233572,20.54364382,7.024985776
3,25,2014,12.39917616,21.57138488,32.0898522,21.05879013,7.008589058
3,18,2014,12.44168923,21.171499,31.58288364,21.55363843,6.308539275
3,11,2014,16.0756824,20.59429648,30.17497519,19.94564945,6.308539275
3,4,2014,17.46713673,20.58073556,30.49109995,19.94564945,6.308539275
2,25,2014,17.58069819,20.60011466,29.66637555,19.78923685,7.208016407
2,18,2014,18.15854589,21.48218051,29.92055462,21.12486619,4.493188293
2,11,2014,17.78236782,24.0196125,30.19901302,19.13726316,3.366499489
2,4,2014,18.82085724,23.83094659,27.23705837,21.25173668,3.366499489
1,28,2014,18.82259713,23.85182524,27.2179196,21.49534507,3.122891099
1,21,2014,21.08791653,23.84352829,25.27409693,20.94640699,1.068616503
1,14,2014,21.08791653,23.84352829,25.27409693,20.94640699,1.068616503
1,7,2014,21.21548034,24.333045,34.38454097,11.19767951,1.068616503
12,31,2013,21.48073803,25.01199742,32.34711487,11.19767951,1.068616503
12,24,2013,21.48073803,25.63507272,31.62807299,11.29449894,1.068616503
12,17,2013,21.44295914,25.5382457,31.91095086,11.19767951,1.068616503
12,10,2013,21.46638302,25.5938813,31.83597366,11.19767951,1.068616503
12,3,2013,20.6281497,26.1599925,32.10539142,11.19767951,1.068616503
11,26,2013,20.6281497,26.1599925,32.10539142,11.19767951,1.068616503
11,19,2013,17.95097782,29.28719825,34.43843477,11.19767951,1.068616503
11,12,2013,18.90358826,27.13579128,38.33468755,7.296809561,1.068616503
11,5,2013,18.9022391,27.1548254,38.32076845,7.296809561,1.068616503
10,29,2013,17.62462194,28.59185419,38.31380889,7.296809561,1.068616503
10,22,2013,17.62462194,28.59185419,38.31380889,7.296809561,1.068616503
10,15,2013,16.50270127,29.69683048,38.31380889,7.296809561,1.068616503
10,8,2013,15.73898655,30.46056238,38.33294766,7.296809561,1.068616503
10,1,2013,15.81753675,30.39055448,38.33294766,7.296809561,1.068616503
9,24,2013,16.1816068,28.77052786,39.9274077,7.695530638,1.068616503
9,17,2013,11.95343148,31.452351,41.57642124,8.542636977,1.068616503
9,10,2013,6.502043578,22.22820226,48.69309336,18.56176856,3.102048944
9,3,2013,6.611953629,22.34058659,48.12067561,19.47881933,3.102048944
8,27,2013,4.613916959,19.35242003,50.64223605,21.63471524,3.446113205
8,20,2013,4.67051909,17.80042873,51.58486116,22.18464186,3.508673455
8,13,2013,4.663809896,17.48150181,48.58430897,23.77480608,5.243316763
8,6,2013,4.796689447,17.10950856,51.1747999,20.74328813,6.148126118
7,30,2013,4.401987929,16.13456954,52.82221104,18.66466411,7.949362971
7,23,2013,3.406661945,15.80330898,53.090499,17.75128797,9.949981999
7,16,2013,2.042349672,14.59172067,53.6206019,19.30458853,10.44411025
7,9,2013,1.762318077,15.53846167,51.17702309,20.18332635,11.34050195
7,2,2013,1.707401143,15.33402794,51.13765674,20.42125603,11.39965815
6,25,2013,1.707192511,15.9198378,51.29413069,20.6715046,10.40559452
6,18,2013,1.707192511,24.30718488,44.24677974,19.44808097,10.29076189
6,11,2013,2.734763751,28.35981927,45.65933746,13.09856995,10.14714217
6,4,2013,2.927706994,28.05653781,45.76682971,13.09681745,10.14889468
5,28,2013,4.767473864,29.00643206,43.23266677,12.82713374,10.16629356
5,21,2013,4.767473864,29.00643206,43.2341563,12.82564421,10.16629356
5,14,2013,4.934503132,29.3926919,42.5988267,13.03480531,10.03928172
5,7,2013,5.097354594,28.05080564,43.3966152,13.84408362,9.611140951
4,30,2013,12.35690367,24.60976854,40.01141581,16.08082121,6.938748379
4,23,2013,12.4320973,26.71522497,37.16129059,19.41946367,3.177587595
4,16,2013,16.27030702,27.03842798,36.62566907,16.18254847,2.788820327
4,9,2013,16.41874042,26.76870715,35.55222266,17.30714344,2.788820327
4,2,2013,17.27520666,28.36941373,35.82442456,15.17642843,2.818610923
3,26,2013,17.27868643,28.36593395,35.82442456,15.17642843,2.818610923
3,19,2013,14.26871739,28.36979666,35.51421943,14.39965759,3.900234647
3,12,2013,14.11940703,27.87516978,35.51453476,14.39443792,3.900234647
3,5,2013,17.51879102,27.29173561,36.86154199,14.38598884,3.900234647
2,26,2013,16.37955146,27.64464575,37.58846442,13.86876571,4.475719094
2,19,2013,12.72849915,28.40968576,36.89216657,14.36985351,3.92417453
2,12,2013,7.520317427,29.14859049,41.13539268,10.17012461,3.880677324
2,5,2013,7.423084663,26.42275417,41.86300472,12.34969996,3.880677324
1,29,2013,7.423084663,26.42275417,40.7177723,15.19597536,2.179634336
1,22,2013,4.4787608,28.55613676,40.07203375,16.68577291,2.179634336
1,15,2013,4.4787608,28.55613676,40.07203375,16.68577291,2.179634336
1,8,2013,4.49342364,29.57380223,40.26516831,15.87910667,2.176655276
1,1,2013,4.503164339,28.18249325,39.75335985,17.94724423,2.176655276
12,25,2012,4.489110008,27.07631412,39.66305441,19.3484963,2.176655276
12,18,2012,4.489110008,26.86081439,39.88089653,19.3484963,2.176655276
12,11,2012,3.940948632,26.68628644,40.57505297,19.35918548,2.176655276
12,4,2012,5.437132297,27.64063815,39.95097802,19.35918548,2.176655276
11,27,2012,6.655868384,30.11865189,40.79830401,18.79121217,2.039618538
11,20,2012,7.768502858,34.77076046,36.28324904,18.00002972,2.039618538
11,13,2012,7.517867303,37.22997145,34.68465016,16.89021878,1.980224601
11,6,2012,7.194617708,35.78330413,35.78738183,17.37973369,2.157478643
10,30,2012,7.131373222,36.723546,35.4876074,16.86259564,2.205143596
10,23,2012,7.124346057,38.09260719,34.1155915,16.86381047,2.205143596
10,16,2012,7.022565602,38.22729926,35.32629787,15.66160791,2.205143596
10,9,2012,5.718286956,38.945506,35.46525671,16.10367423,2.206633125
10,2,2012,4.535780496,37.99815022,36.10144579,16.00694529,2.561141209
9,25,2012,4.486461125,37.53786878,35.67922855,16.86466407,2.630648391
9,18,2012,4.478319711,37.54677035,35.67922855,16.86466407,2.630648391
9,11,2012,4.480988942,35.68362954,37.23474339,17.33323006,2.517444129
9,4,2012,4.443510728,33.20680975,39.42942917,18.00351845,2.164425575
8,28,2012,4.408374902,33.16154132,37.9686835,19.76335455,1.948694118
8,21,2012,4.565314923,24.42239103,46.73866453,20.18908409,1.435906691
8,14,2012,6.042640755,19.56123702,46.28023881,24.10010671,1.368877852
8,7,2012,5.975764383,20.39187314,45.91304219,24.14429224,0.844563375
7,31,2012,5.975764383,20.71857811,45.68227541,24.40855098,0.487076232
7,24,2012,5.974024495,19.95442462,45.16869827,25.75626517,0.420047393
7,17,2012,5.976282143,19.57423288,45.69285983,24.76760115,0.263646768
7,10,2012,7.450333096,18.07010311,45.72293865,24.20902749,0.822220429
7,3,2012,7.477943343,17.41076357,47.08719046,23.48529014,0.822220429
6,26,2012,7.73194812,17.52940496,50.53647133,20.47603821,0
6,19,2012,7.930631005,26.80282867,48.57648517,12.81528801,0
6,12,2012,10.03013764,31.38443498,44.68943848,10.02825874,0
6,5,2012,12.25428028,31.28607046,44.21318972,8.380360513,0
5,29,2012,12.1916443,31.28889807,44.39756739,8.253800967,0
5,22,2012,12.75564484,30.64274802,44.16043067,7.914000927,0
5,15,2012,13.75730634,35.18200157,39.59357539,6.71454028,0.11657251
5,8,2012,14.17139562,36.29706893,37.49732681,6.792835249,0.607220987
5,1,2012,16.08350426,35.83129838,36.05664984,5.858515278,1.541540958
4,24,2012,18.91205152,32.45357725,36.60591641,5.858515278,1.541540958
4,17,2012,20.0784444,34.26401509,34.64012921,4.85460307,1.541540958
4,10,2012,19.65167265,35.8100857,36.08861307,4.823285082,1.571119058
4,3,2012,19.14548392,36.15450725,35.98903189,4.845628028,1.571119058
3,27,2012,17.78430852,37.01962081,34.32752877,4.829969034,1.58851794
3,20,2012,14.92632952,37.78330709,32.97353089,4.175033756,1.58851794
3,13,2012,14.97431047,35.76947833,35.51537481,4.171771484,1.58851794
3,6,2012,19.04582178,40.84793401,26.62747319,2.782043392,1.58851794
2,28,2012,19.80905918,41.0659837,25.38388299,2.92993389,1.414529118
2,21,2012,22.39180968,48.34169539,15.12353183,2.92993389,1.414529118
2,14,2012,24.41010868,46.97338426,13.16299234,2.92993389,1.414529118
2,7,2012,24.00947483,46.84805078,13.9513914,3.38338977,1.414529118
1,31,2012,24.92111617,45.2691054,13.84440291,3.373200799,1.414529118
1,24,2012,31.62591284,36.60808651,14.08450748,3.234009742,1.31535549
1,17,2012,36.23536552,25.4669859,14.82963459,3.234009742,1.31535549
1,10,2012,31.61468748,24.07507533,16.31323328,3.210177266,1.31535549
1,3,2012,20.46059526,24.82412705,15.56810617,3.208437377,1.317095378
12,27,2011,31.52903334,10.14697554,16.21829222,3.208437377,1.317095378
12,20,2011,19.9994946,8.104452448,13.67631554,3.970508415,3.095261133
12,13,2011,19.59679252,6.273656327,12.57552214,8.662076161,3.143452045
12,6,2011,13.95612883,6.03608264,9.429659206,12.01755883,3.28547008
11,29,2011,10.77043379,6.030346203,9.354381158,12.77389687,3.319729265
11,22,2011,9.900055249,6.058647269,9.318119106,11.29664655,4.838949399
11,15,2011,9.900055249,6.058647269,9.318119106,11.29664655,4.838949399
11,8,2011,9.85692315,6.095674076,9.266456317,11.23094314,4.885187926
11,1,2011,10.95463353,5.897028038,9.492492938,11.42366909,4.871769537
10,25,2011,11.61053576,6.182798903,10.5128143,9.523260126,4.871769537
10,18,2011,11.61053576,6.182798903,10.5128143,9.523260126,4.871769537
10,11,2011,12.02147635,6.512365613,10.71638122,9.523260126,4.871769537
10,4,2011,12.20947298,6.870981887,9.654965672,9.162393316,6.627860076
9,27,2011,12.25470262,6.870981887,9.656455201,9.320723143,6.468040719
9,20,2011,12.25470262,6.870981887,9.656455201,9.320723143,6.468040719
9,13,2011,17.41500073,7.229794516,9.465481127,9.967156737,7.005666177
9,6,2011,17.03749826,8.058770387,8.382854138,9.808239907,7.173269828
8,30,2011,10.30325698,8.130979154,9.569571832,9.86043641,5.821376971
8,23,2011,10.88277469,6.880586445,8.256169499,8.802958339,7.977171047
8,16,2011,9.978630126,6.310120729,7.787524491,10.13585775,7.897874643
8,9,2011,10.31320821,5.967037926,7.49277721,9.24219264,9.233491882
8,2,2011,10.50386802,6.012700011,7.36929357,9.461732018,9.370316125
7,26,2011,10.77198338,6.023126719,7.384376122,9.430451893,9.420772883
7,19,2011,10.77198338,5.924817755,7.609798551,9.236734579,9.488866261
7,12,2011,10.04293139,5.682041174,7.919159834,9.204634178,9.506515501
7,5,2011,12.08955054,5.650420341,7.937215664,9.572760096,9.691665994
6,28,2011,12.14213637,5.599776329,7.916362247,9.669579531,9.59335703
6,21,2011,6.05553267,6.658739021,6.581608098,7.551241289,9.59335703
6,14,2011,6.000541642,6.615542658,7.098430623,7.860501719,8.864343868
6,7,2011,5.876910672,6.810671057,7.386645889,8.200153884,8.039858508
5,31,2011,5.876910672,6.810671057,8.316328534,9.612359917,5.69796983
5,24,2011,6.281672033,7.317275892,8.841188487,9.295487767,5.650004035
5,17,2011,7.195128241,8.255375352,10.07395909,9.341875685,5.560869987
5,10,2011,6.793499767,7.67554532,12.76405602,8.401553293,5.244023078
5,3,2011,6.745433262,7.657625487,12.76554555,11.27261921,2.371467636
4,26,2011,6.745433262,11.41193427,10.61490454,12.04016871,0
4,19,2011,6.373433228,9.541991821,15.22958262,7.760885184,0
4,12,2011,6.373433228,9.897814801,15.59213154,7.040773398,0
4,5,2011,6.272350087,9.823874317,15.66062238,7.058715897,0
3,29,2011,6.511712042,9.232543794,18.66907793,3.602428746,0
3,22,2011,9.590915362,13.85008941,13.41408681,2.746843188,0
3,15,2011,10.75724603,15.75555305,10.61885733,2.581553808,0
3,8,2011,14.01232692,12.21028573,12.15699656,0.943014404,0
3,1,2011,10.83746811,12.46454715,13.10001096,0,0
2,22,2011,11.06089758,16.16007049,9.181058157,0,0
2,15,2011,18.44187111,15.89281773,7.361135084,0,0
2,8,2011,18.85719191,15.71407416,7.539878656,0,0
2,1,2011,15.09532684,13.87491144,7.530418094,0,0
1,25,2011,13.48865763,17.26507597,4.140253564,0,0
1,18,2011,14.30814498,18.51148486,1.508893649,0,0
1,11,2011,14.34766219,18.51050624,1.508893649,0,0
1,4,2011,18.04049073,18.19243252,1.508893649,0,0
12,28,2010,20.52642605,18.19689092,1.508893649,0,0
12,21,2010,27.13160343,19.90553525,1.508893649,0,0
12,14,2010,38.67797905,14.51901369,1.499956471,0,0
12,7,2010,39.48153988,8.704639473,1.482082113,0,0
11,30,2010,27.21109603,7.468187463,1.482082113,0,0
11,23,2010,28.71805719,8.830980986,0,0,0
11,16,2010,30.79346833,9.310101554,0.044505379,0,0
11,9,2010,30.99154442,8.742182924,0.044505379,0,0
11,2,2010,31.80902066,7.127532661,0.044505379,0,0
10,26,2010,31.80902066,7.127532661,0.044505379,0,0
10,19,2010,38.58379343,7.221745555,0.583074332,0,0
10,12,2010,39.09955785,6.615506942,0.583074332,0,0
10,5,2010,35.77980953,11.39059457,0.583074332,0,0
9,28,2010,36.23858469,10.93181941,0.583074332,0,0
9,21,2010,30.89847886,8.954135994,0.583074332,0,0
9,14,2010,28.04453984,8.954135994,0.583074332,0,0
9,7,2010,27.78236983,7.960774013,0.583074332,0,0
8,31,2010,25.79457343,7.970560831,0.573287514,0,0
8,24,2010,25.79457343,7.970560831,0.573287514,0,0
8,17,2010,25.81577821,8.029281736,0.491730702,0,0
8,10,2010,26.24785359,8.197288771,0.491730702,0,0
8,3,2010,24.86868343,9.532575833,0.636901828,0,0
7,27,2010,25.86631992,12.52039483,0.879941131,0,0
7,20,2010,27.01120205,13.39454268,0.742925685,0,0
7,13,2010,25.1846662,11.32929706,0.742925685,0,0
7,6,2010,25.1846662,11.32929706,0.742925685,0,0
6,29,2010,24.84710995,11.47889169,0.490099565,0,0
6,22,2010,24.53034761,11.47889169,0.490099565,0,0
6,15,2010,22.85723965,11.47889169,0.490099565,0,0
6,8,2010,18.95554695,7.641149065,3.270531983,0,0
6,1,2010,22.28041685,7.40370764,3.270531983,0,0
5,25,2010,22.28041685,7.40370764,3.270531983,0,0
5,18,2010,22.65169282,7.843341461,3.506072924,0,0
5,11,2010,30.14800715,7.987044336,3.536523973,0,0
5,4,2010,29.95714848,8.165065852,3.538866361,0,0
4,27,2010,29.95714848,8.165065852,3.538866361,0,0
4,20,2010,31.17874765,8.163851021,3.538866361,0,0
4,13,2010,31.8738559,8.166555382,3.538866361,0,0
4,6,2010,35.48595813,7.798292923,4.236628246,0,0
3,30,2010,35.32242017,7.952461329,4.236628246,0,0
3,23,2010,33.92794321,9.120551229,4.848304342,0,0
3,16,2010,36.25703349,9.53979164,5.190416177,0,0
3,9,2010,36.1973925,11.35358335,5.52581853,0,0
3,2,2010,37.22093557,14.41546989,5.573156783,0,0
2,23,2010,37.79183326,15.22777575,5.573156783,0,0
2,16,2010,39.08828564,15.52682583,5.573156783,0,0
2,9,2010,43.74069647,16.08676313,5.015561876,0,0
2,2,2010,43.36484577,18.92655644,5.015561876,0,0
1,26,2010,43.63960095,21.25604571,4.708949628,0.566004281,0
1,19,2010,34.96827315,23.72214533,21.07192425,1.567521944,0
1,12,2010,33.78622615,23.53389514,22.76781343,1.567521944,0
1,5,2010,24.83502484,30.62865969,15.21564397,0.825354946,0
12,29,2009,24.62515855,30.09939654,15.28904607,0.825354946,0
12,22,2009,24.61422507,30.09939654,15.28904607,0.825354946,0
12,15,2009,24.61422507,30.09939654,15.28904607,0.825354946,0
12,8,2009,23.63551318,27.60740765,18.122567,0.929747667,0
12,1,2009,23.6409219,27.60740765,18.122567,0.929747667,0
11,24,2009,23.07093577,27.40426734,18.18346281,0.880813579,0
11,17,2009,22.11223374,27.62899605,16.10885237,0,0
11,10,2009,22.88866417,27.13185144,14.7129257,0,0
11,3,2009,20.02781887,26.45290036,14.42910799,0,0
10,27,2009,23.85438919,22.08592667,14.42910799,0,0
10,20,2009,27.80777489,21.23517893,14.7762902,0,0
10,13,2009,25.75811686,17.81456891,21.68269603,0,0
10,6,2009,27.20343824,23.72179245,13.83727184,0,0
9,29,2009,30.92967027,21.05710301,12.09195605,0,0
9,22,2009,31.64449316,20.34255481,12.09195605,0,0
9,15,2009,35.34715041,22.42241001,12.09195605,0,0
9,8,2009,36.68782901,22.95978659,12.09195605,0,0
9,1,2009,36.04884317,20.064657,12.09195605,0,0
8,25,2009,29.66141661,20.63385737,11.38455476,0,0
8,18,2009,32.82246018,13.56320767,11.38455476,0,0
8,11,2009,33.33934385,12.86997476,11.38455476,0,0
8,4,2009,32.29033098,12.20679408,12.04931767,0,0
7,28,2009,24.74257091,12.7200611,12.04931767,0,0
7,21,2009,26.34597178,13.6352423,12.71743474,0,0
7,14,2009,26.34597178,13.6352423,12.71743474,0,0
7,7,2009,26.13544737,13.6352423,12.71743474,0,0
6,30,2009,29.8685008,15.70104592,11.87569025,0,0
6,23,2009,28.32532856,17.0472821,12.81175011,0,0
6,16,2009,28.74246277,17.79031474,13.73683475,0,0
6,9,2009,29.32601586,17.89389313,13.73841697,0,0
6,2,2009,29.30157283,18.25254405,13.54146072,0,0
5,26,2009,29.44501435,20.38822158,11.34092844,0,0
5,19,2009,34.95984653,25.33343932,14.1525878,0,0
5,12,2009,36.42294048,24.76588976,12.55363053,0,0
5,5,2009,41.0001211,22.58621019,11.90465222,0,0
4,28,2009,43.39374283,21.09167271,12.98549362,0,0
4,21,2009,43.54564219,22.09358923,12.98201384,0,0
4,14,2009,41.60185602,21.50248009,11.92594076,0,0
4,7,2009,36.20304422,22.33066688,11.92594076,0,0
3,31,2009,35.40786999,29.08925949,7.132518395,0,0
3,24,2009,34.86717069,29.63144832,7.129539335,0,0
3,17,2009,36.15261065,25.46018083,7.112085462,0,0
3,10,2009,37.37853906,24.23574195,7.112085462,0,0
3,3,2009,34.09999024,19.80804289,12.2166896,1.023623715,0
2,24,2009,34.39314997,15.37281964,11.61703818,3.462050003,0
2,17,2009,34.51245118,13.53677635,12.88663444,3.911788569,0
2,10,2009,34.78432398,15.92777541,13.43006854,4.450537893,0
2,3,2009,29.72860672,19.17087643,13.43006854,4.452880281,0
1,27,2009,29.65014278,20.39669889,12.59440043,3.733767053,0
1,20,2009,28.9672436,20.3845323,13.29243217,3.038077709,0
1,13,2009,28.9672436,21.51356349,14.55029472,0.648841577,0
1,6,2009,28.65566068,22.45843841,13.8897412,0.648841577,0
12,30,2008,30.76262831,22.04617806,14.30200155,0.648841577,0
12,23,2008,35.65965584,22.77189037,14.30200155,0.648841577,0
12,16,2008,37.57173892,22.2141334,15.38886975,1.365612417,0
12,9,2008,39.10834568,21.03591206,15.6418477,0.751906665,0
12,2,2008,39.43393767,22.93199375,14.17442307,0,0
11,25,2008,36.94708499,22.33897551,14.17442307,0,0
11,18,2008,36.94708499,22.33897551,14.17442307,0,0
11,11,2008,24.57497479,22.33897551,14.17442307,0,0
11,4,2008,24.3953451,23.73130228,13.85702449,0,0
10,28,2008,23.68673882,21.02611857,17.27429426,0,0
10,21,2008,23.70413546,20.96068166,17.31572648,0,0
10,14,2008,21.59814422,20.81872782,16.23474237,0,0
10,7,2008,22.41010061,21.34836052,16.6793958,0,0
9,30,2008,21.44044477,22.26179904,16.25308111,0.480189615,0
9,23,2008,21.44044477,22.26179904,16.25308111,0.480189615,0
9,16,2008,22.18951376,23.1176271,15.12922653,0,0
9,9,2008,21.2118044,23.7325273,15.32516911,0,0
9,2,2008,19.75857818,26.51026126,14.2959486,0,0
8,26,2008,20.95372189,24.76986782,13.96801423,0,0
8,19,2008,21.14111296,24.98068278,13.5721506,0,0
8,12,2008,21.29109483,26.61318632,13.63318019,0.563130597,0
8,5,2008,20.92885423,26.99716097,14.26325334,0.602834563,0.122917758
7,29,2008,19.58240496,26.56662789,13.79703053,0.602834563,0.122917758
7,22,2008,25.78413718,31.75900538,7.51162245,0.602834563,0.122917758
7,15,2008,25.42612205,35.60444761,10.04833479,0.497793222,0.181560619
7,8,2008,25.37595989,34.78355572,11.05310992,2.649046131,0.180809544
7,1,2008,23.63690151,36.39038259,11.20448019,2.840583225,0.079746637
6,24,2008,21.80001983,37.84907472,11.47242298,2.957155736,0.079746637
6,17,2008,22.11003065,37.53203674,11.47242298,2.814484902,0.22241747
6,10,2008,29.61653335,31.36670678,7.064123388,0.417821469,0
6,3,2008,29.17796403,30.79105208,7.020476791,0.21168992,0
5,27,2008,32.01225396,28.18117919,5.828653365,0.21168992,0
5,20,2008,39.23225742,31.05940993,5.920065881,0.335960437,0
5,13,2008,38.93728738,32.33245691,5.279164213,0,0
5,6,2008,38.94691713,32.47338785,5.279164213,0,0
4,29,2008,38.12273335,31.11425485,7.323507623,0,0
4,22,2008,27.13630429,29.57490984,6.29189184,0,0
4,15,2008,27.13630429,29.12587298,6.739346472,0,0
4,8,2008,26.52806071,29.73267347,3.635385898,0,0
4,1,2008,24.11606193,30.80857697,5.096845378,0,0
3,25,2008,25.12305582,20.55909744,12.15386356,0,0
3,18,2008,23.75951834,19.56760925,14.51047145,0,0
3,11,2008,27.28274149,16.04289657,14.51047145,0,0
3,4,2008,27.62384381,15.70328378,14.51047145,0,0
2,26,2008,29.92489586,18.24094056,15.12484317,0,0
2,19,2008,35.14682977,18.89235481,15.39868224,0,0
2,12,2008,35.17025365,18.87127331,15.39868224,0,0
2,5,2008,27.63619272,22.05248887,16.34348275,0,0
1,29,2008,27.34088178,20.39470284,19.70824124,0,0
1,22,2008,19.98114699,23.56040433,29.54446189,0,0
1,15,2008,19.96653302,23.57772266,29.54446189,0,0
1,8,2008,20.5843028,24.14855596,28.12271379,0,0
1,1,2008,19.04588208,15.82095114,34.33459643,4.754649819,0
12,25,2007,19.04588208,15.82095114,34.33693882,4.75230743,0
12,18,2007,19.04425094,15.82258227,34.33693882,4.75230743,0
12,11,2007,20.61808242,15.76535241,34.33693882,4.754649819,0
12,4,2007,22.4857846,16.70325576,34.33928121,4.749965042,0
11,27,2007,14.44918609,18.70174687,28.08597701,13.72434722,0
11,20,2007,17.64755292,15.58004387,28.08597701,13.72434722,0
11,13,2007,17.44224611,15.58004387,28.0883194,13.72200483,0
11,6,2007,13.85407195,15.05294118,28.61471083,13.7266896,0
10,30,2007,12.52403915,14.90994633,28.61471083,13.72434722,0
10,23,2007,12.99251682,13.48027477,30.15224614,13.90611756,0
10,16,2007,12.51701198,14.99580004,30.14756137,13.91080233,0
10,9,2007,11.01804583,14.99580004,30.14990375,13.90845994,0
10,2,2007,11.04146971,14.99580004,30.14756137,13.91080233,0
9,25,2007,13.18310073,15.85956266,30.25223812,13.91080233,0
9,18,2007,13.02631511,11.14020362,36.74726284,14.26146233,0
9,11,2007,11.6840976,11.14020362,36.74960523,14.25911994,0
9,4,2007,12.07296146,11.14020362,36.74960523,14.25911994,0
8,28,2007,12.57578915,11.09551773,36.79663351,14.25677755,0
8,21,2007,13.29430266,11.14504638,36.79194873,14.26146233,0
8,14,2007,10.01212146,15.90610365,36.85882532,14.49471481,0
8,7,2007,9.95242597,16.6552312,36.75432644,14.42376223,0
7,31,2007,10.78692014,11.49962093,43.01450631,14.42376223,0
7,24,2007,10.86437569,13.22568339,41.21834325,14.42376223,0
7,17,2007,10.71095413,24.96043034,29.06896305,14.42376223,0
7,10,2007,10.5233491,24.96043034,29.06662066,14.42376223,0
7,3,2007,10.34043134,29.74691667,25.01098079,13.69291578,0
6,26,2007,10.52286395,28.87194542,26.28049097,12.42574798,0
6,19,2007,10.57773882,28.87194542,27.02520899,11.67868758,0
6,12,2007,9.005114476,32.86073841,23.01120125,11.70466248,0
6,5,2007,9.052779428,32.86222794,23.00885886,11.70466248,0
5,29,2007,9.052779428,32.86222794,23.00885886,11.70466248,0
5,22,2007,8.887068019,33.02486759,23.01120125,11.70232009,0
5,15,2007,9.772324945,33.2866208,23.21030426,10.35778917,0
5,8,2007,10.52423161,34.52954321,20.23018255,10.35778917,0
5,1,2007,11.10663775,34.53103274,20.23018255,10.35778917,0
4,24,2007,11.55683343,34.99025113,20.11234395,10.35778917,0
4,17,2007,10.19088712,36.28113423,21.23053961,10.35778917,0
4,10,2007,11.66247112,41.84865099,16.04256431,8.542982122,0
4,3,2007,15.59099502,39.13351169,14.24775316,8.542982122,0
3,27,2007,12.80284116,38.70466178,14.46998655,8.542982122,0
3,20,2007,33.51835328,18.27558408,12.59356042,8.521900626,0
3,13,2007,31.53992073,17.94476874,11.70936188,8.521900626,0
3,6,2007,33.55532822,18.0930805,15.37632687,0,0
2,27,2007,34.5067897,17.14177668,15.37632687,0,0
2,20,2007,34.51002247,19.69493452,15.84743567,0.00148953,0
2,13,2007,34.04139875,17.85396331,15.86851717,0.00148953,0
2,6,2007,33.6496319,18.0021018,14.58020357,0.00148953,0
1,30,2007,27.0070488,20.98399691,11.59433494,0.00148953,0
1,23,2007,24.69956222,18.71318742,10.38800493,0.00148953,0
1,16,2007,27.66790574,16.31982912,6.057711158,0.49409268,0
1,9,2007,30.24027727,16.31982912,6.057711158,0.49409268,0
1,2,2007,26.92764346,18.77273357,3.593765193,0.49409268,0
12,26,2006,33.87965753,15.04037404,3.593765193,0.49409268,0
12,19,2006,34.19394831,15.20720137,4.320655717,0.49409268,0
12,12,2006,29.9585871,12.59400048,4.320655717,0.49409268,0
12,5,2006,28.07165699,11.58311656,4.320655717,0.49409268,0
11,28,2006,18.86164237,11.1294899,4.347467253,0.498561269,0
11,21,2006,18.63748408,10.99819105,4.289375592,0.498561269,0
11,14,2006,17.02568733,10.99819105,4.289375592,0.498561269,0
11,7,2006,17.02568733,10.99819105,4.289375592,0.498561269,0
10,31,2006,17.134423,11.55527519,4.289375592,0.498561269,0
10,24,2006,18.65351811,12.21596367,4.55302236,0.498561269,0
10,17,2006,18.65351811,12.21596367,4.55302236,0.498561269,0
10,10,2006,18.51765959,12.21596367,4.55302236,0.497071739,0
10,3,2006,22.52444851,13.82112022,4.971899124,1.190304649,0
9,26,2006,22.55916351,13.82112022,4.971899124,1.190304649,0
9,19,2006,18.09332335,18.40228375,4.878058749,1.190304649,0
9,12,2006,16.99025166,18.87223711,7.123310338,2.2709207,0
9,5,2006,16.94867556,19.09853786,9.726414262,2.344321831,0
8,29,2006,16.16489219,19.83972257,9.21804029,2.344321831,0
8,22,2006,15.11592824,21.73695991,9.027197348,2.535164774,0
8,15,2006,14.450129,22.4727175,11.7204462,3.105496038,0
8,8,2006,15.45053406,20.73860401,13.43849001,3.689442818,0
8,1,2006,10.93418996,22.97014365,14.85216021,4.415708963,0.241408166
7,25,2006,5.982814544,17.8248542,20.61687899,8.27458939,1.072200424
7,18,2006,5.982814544,17.84076355,20.60245917,8.27458939,1.072200424
7,11,2006,6.325673017,20.2947583,18.48227775,7.929018485,1.072200424
7,4,2006,6.148052653,10.11011735,18.13695482,16.88303338,2.775000215
6,27,2006,6.039515181,9.394473483,17.39807734,18.39368091,3.187677688
6,20,2006,8.23560064,6.647693028,16.29297272,19.875578,2.810885212
6,13,2006,8.23560064,6.647693028,16.29297272,19.875578,2.810885212
6,6,2006,9.305919312,6.046847953,17.73778653,18.08188315,2.85818845
5,30,2006,11.34908816,8.57383644,13.4980301,17.75418661,2.85818845
5,23,2006,8.650287205,9.532887937,12.17757884,17.2800028,2.85818845
5,16,2006,9.304360181,9.191575687,12.41093781,16.30082191,2.85818845
5,9,2006,9.665628314,9.580952152,11.77686631,16.5180621,2.520543245
5,2,2006,9.585493004,10.45708529,19.23481605,8.343028055,2.520543245
4,25,2006,8.474379756,11.04489847,20.04294137,9.884150061,0
4,18,2006,9.401311964,11.50895345,18.56110549,9.868991784,0
4,11,2006,9.352157481,12.88042323,18.64592215,8.414445236,0
4,4,2006,9.003895051,14.48961789,17.13099185,8.485409923,0
3,28,2006,12.50659791,11.7204497,17.13099185,8.485409923,0
3,21,2006,14.46006561,11.03135904,17.13099185,8.485409923,0
3,14,2006,14.27064334,10.82136718,17.53116614,8.485409923,0
3,7,2006,17.34005134,11.6990506,13.74892247,11.3501202,0
2,28,2006,18.20955515,16.23808562,14.00688818,6.372311609,0
2,21,2006,16.37661575,15.55876413,13.52770413,6.372311609,0
2,14,2006,16.00578177,18.38109166,9.861877002,6.372311609,0
2,7,2006,15.55548649,18.44996135,9.776622479,6.372311609,0
1,31,2006,16.96217631,19.36349874,9.449407445,1.278810826,0
1,24,2006,19.14330148,15.89412588,8.402975511,0,0
1,17,2006,18.87566572,20.25068033,3.724432987,0,0
1,10,2006,26.86415827,14.25075315,1.583833306,0,0
1,3,2006,30.24624409,11.4598563,0,0,0
12,27,2005,29.50276138,8.357015245,0,0,0
12,20,2005,29.87706813,8.357015245,0,0,0
12,13,2005,30.97274696,8.11865056,0,0,0
12,6,2005,27.81910778,6.620179956,0,0,0
11,29,2005,31.27018356,6.63583895,0,0,0
11,22,2005,24.93634005,5.736316743,0,0,0
11,15,2005,24.93634005,5.736316743,0,0,0
11,8,2005,24.93634005,5.736316743,0,0,0
11,1,2005,24.95507916,5.736316743,0,0,0
10,25,2005,23.7823945,5.736316743,0,0,0
10,18,2005,20.91055433,5.736316743,0,0,0
10,11,2005,20.67260185,5.980227349,0,0,0
10,4,2005,20.35342869,6.328233482,0.153421566,0,0
9,27,2005,20.28138948,6.810414588,0.153421566,0,0
9,20,2005,20.35485522,6.870182217,0.153421566,0,0
9,13,2005,20.56916665,6.893524837,0.153421566,0,0
9,6,2005,20.56916665,6.893524837,0.153421566,0,0
8,30,2005,20.89593135,6.893524837,0.153421566,0,0
8,23,2005,20.35001006,6.893524837,0.153421566,0,0
8,16,2005,21.02306892,9.299310999,0.153421566,0,0
8,9,2005,30.06726125,10.74206712,0.174274982,0,0
8,2,2005,32.43871384,11.80872162,0.174274982,0,0
7,26,2005,32.42281553,9.222485183,0.174274982,0,0
7,19,2005,20.28482809,7.607767609,0.174274982,0,0
7,12,2005,20.2803595,7.607767609,0.174274982,0,0
7,5,2005,20.35662842,7.607767609,0.174274982,0,0
6,28,2005,14.32810072,7.862477198,0.174274982,0,0
6,21,2005,13.87577461,8.127613496,0.174274982,0,0
6,14,2005,14.11662189,8.127613496,0.174274982,0,0
6,7,2005,15.88285608,8.145835959,0.174274982,0,0
5,31,2005,17.2693219,6.508243298,0.192149339,0,0
5,24,2005,17.2693219,6.508243298,0.192149339,0,0
5,17,2005,17.14335247,6.573393591,0.192149339,0,0
5,10,2005,18.43231451,7.594866564,1.027434713,0,0
5,3,2005,21.0653556,9.925004021,1.04568664,0,0
4,26,2005,21.63813636,11.98343516,1.309712294,0.001214831,0
4,19,2005,22.45885496,13.58061479,1.852331141,0.029155942,0.001214831
4,12,2005,22.87402515,15.62851752,4.393263088,0.029155942,0.001214831
4,5,2005,26.9744827,20.19179894,6.183592778,0.351366926,0
3,29,2005,27.8254629,20.78461653,7.054719964,0.458639441,0
3,22,2005,29.37225335,22.35745814,8.262362021,0.641711513,0.032800434
3,15,2005,29.954569,22.35745814,8.262362021,0.641711513,0.032800434
3,8,2005,29.68326964,21.72453639,8.267412505,1.06286736,0.004859324
3,1,2005,30.28600268,21.70579728,8.267412505,1.06286736,0.004859324
2,22,2005,30.81211053,23.75348891,8.081027964,2.595380188,0.004859324
2,15,2005,29.55275569,23.62321551,9.114408232,2.595380188,0.004859324
2,8,2005,21.16024316,28.03219058,13.29519932,3.63278385,0.004859324
2,1,2005,20.26481027,26.92985313,16.42282911,4.36789907,0.002429662
1,25,2005,19.9732242,27.71361612,16.43088138,4.614726403,0.002429662
1,18,2005,19.86436499,27.71361612,16.43088138,4.614726403,0.002429662
1,11,2005,21.1740709,28.1881328,16.62178116,5.388980221,0.065600869
1,4,2005,18.47032082,27.25197934,19.20730899,9.919050839,0.089897487
12,28,2004,18.72015271,28.86695304,21.64464272,12.31258502,0.089897487
12,21,2004,20.52613414,28.07641923,22.55698073,12.31258502,0.089897487
12,14,2004,20.42397049,28.06858266,22.6538925,12.32959265,0.089897487
12,7,2004,21.51585571,27.64747074,23.25989547,12.36281941,0.089897487
11,30,2004,21.38063806,26.82372762,24.25928918,12.36281941,0.089897487
11,23,2004,17.35305416,27.6976751,22.78759652,17.58771249,0.089897487
11,16,2004,16.7298459,28.04885125,22.56984959,18.07912266,0.089897487
11,9,2004,18.40151888,26.77237094,23.78587155,18.29497755,0.089897487
11,2,2004,18.82559819,22.40947951,27.08012976,19.51220177,0.089897487
10,26,2004,16.5982076,24.41617239,27.26850672,19.48618355,0.089897487
10,19,2004,14.43149836,21.91887022,28.0501031,24.68760405,0.182224636
10,12,2004,14.75796698,22.65170268,28.76088015,24.68760405,0.182224636
10,5,2004,14.69157563,21.8908582,31.10369651,23.68586216,0.182224636
9,28,2004,15.62709691,21.9712928,31.11263369,23.68586216,0.182224636
9,21,2004,16.43999445,22.25451801,31.11412322,23.68586216,0.182224636
9,14,2004,16.21613703,22.4988009,28.68775344,26.11223193,0.182224636
9,7,2004,15.95233862,22.18624872,28.92998782,26.0952243,0.199232268
8,31,2004,15.89087275,21.95835066,28.6026183,26.65212301,0.199232268
8,24,2004,14.34216867,22.46137935,28.53888199,26.65212301,0.199232268
8,17,2004,15.80642897,23.12040367,28.37658337,26.91081955,0.235677196
8,10,2004,14.94929307,22.82543143,31.96520978,25.27771333,0.235677196
8,3,2004,15.02132895,22.91013272,34.26457741,22.74114091,0.235677196
7,27,2004,15.95944753,22.83112866,33.43361556,22.74114091,0.235677196
7,20,2004,13.76237005,24.02586518,36.36230526,22.14236277,0.235677196
7,13,2004,13.83501852,24.55289458,35.76670967,22.14236277,0.235677196
7,6,2004,14.55667032,27.41539988,32.39462568,21.92532035,0.235677196
6,29,2004,14.89407177,27.56913355,31.94764379,21.92680988,0.235677196
6,22,2004,11.20827927,28.74654449,33.50025976,22.10848408,0.235677196
6,15,2004,13.73939364,26.1959567,31.65674099,24.03444607,0.235677196
6,8,2004,14.13631327,25.88129992,31.56219793,24.04551145,0.235677196
6,1,2004,14.47219738,26.22624089,30.67250552,24.08451199,0.235677196
5,25,2004,15.49589418,25.34317773,30.87903081,24.08451199,0.235677196
5,18,2004,15.79058587,26.39700325,33.08875515,20.24526235,0.286700094
5,11,2004,15.79058587,26.39700325,33.08875515,20.27684795,0.25511449
5,4,2004,15.81729271,26.39700325,33.08875515,20.29021109,0.24175135
4,27,2004,18.39157752,21.31549385,32.36997337,20.60809867,0.24175135
4,20,2004,18.26586967,20.34931362,31.58745768,22.10060749,0.24175135
4,13,2004,18.26586967,20.34931362,31.58745768,22.10060749,0.24175135
4,6,2004,12.21189419,17.92619641,31.81965537,22.94298836,0.28184077
3,30,2004,8.075130073,15.18115894,27.64950043,28.58732841,5.802396178
3,23,2004,5.22912821,15.98741298,28.00635529,27.4242195,5.802396178
3,16,2004,8.051787109,13.57884335,28.23783325,26.77865228,5.802396178
3,9,2004,8.051787109,13.49358883,28.30884773,26.79447454,5.802396178
3,2,2004,8.929338416,13.42614582,28.21452364,25.60098234,6.285106334
2,24,2004,8.918332947,9.581460854,27.2527426,29.12890484,8.372504915
2,17,2004,9.656185282,9.581460854,27.2527426,29.12890484,8.372504915
2,10,2004,10.2728506,8.990117538,26.98286859,29.37467167,8.372504915
2,3,2004,10.31969837,8.996958995,26.34387549,30.03182942,8.372504915
1,27,2004,11.08228438,9.599840893,24.94103306,30.08958138,8.350637959
1,20,2004,8.887057444,11.32203506,25.55270915,30.56119855,8.066601458
1,13,2004,8.885051843,10.72968064,26.37311324,30.61299427,8.077071696
1,6,2004,9.179973771,10.98396674,24.73887496,30.33691909,8.298073903
12,30,2003,9.489822391,8.780485334,29.40136295,29.65043345,6.784874391
12,23,2003,9.881329664,13.71533886,22.84274199,35.29693068,7.059304002
12,16,2003,10.33924363,14.0766349,22.63580213,36.16096951,5.329238808
12,9,2003,10.98155992,14.62431408,22.48696356,35.5433034,5.243812114
12,2,2003,12.22732396,14.94915245,21.58663646,35.67347497,5.315150006
11,25,2003,11.6535525,14.64224154,21.65970109,36.25165313,4.975952639
11,18,2003,11.5901789,14.76478184,22.25733652,36.0840944,4.865261391
11,11,2003,9.956411343,14.558761,23.08518843,36.63849162,5.005536591
11,4,2003,13.37415241,14.33855344,23.71496736,36.87691791,4.866524731
10,28,2003,16.42390701,15.59880838,24.54625722,37.21948992,4.663978919
10,21,2003,15.27004416,12.05089135,26.65941592,37.17663656,2.57768656
10,14,2003,16.13543054,11.39704738,24.46865271,38.61341181,2.771532544
10,7,2003,6.510728738,11.48272834,27.49958571,36.05127067,2.784348218
9,30,2003,6.675291326,12.0687596,25.28517583,37.04737643,2.998149729
9,23,2003,5.142230374,12.24643332,26.49104192,37.5143212,2.934384507
9,16,2003,5.256056726,12.21228814,26.3773661,37.4681924,2.934152636
9,9,2003,4.786889708,13.02860364,26.01142043,37.54208432,3.211930276
9,2,2003,0.970570848,14.32092783,28.7648823,37.40585884,3.236519222
8,26,2003,2.257130766,12.67058049,28.28093668,37.30003906,3.845898606
8,19,2003,2.252582787,14.27256089,27.67842793,36.34759232,3.793625991
8,12,2003,2.806641825,15.55839893,25.81538236,37.2313247,3.609438754
8,5,2003,2.658390428,17.12544554,24.86273769,36.68692117,3.822790103
7,29,2003,2.797086564,16.83828105,24.03372923,36.94363223,4.42507378
7,22,2003,5.609033667,13.55366609,23.96080577,38.56132417,3.568982697
7,15,2003,7.76330138,12.48298062,24.29433739,38.91113471,1.994986993
7,8,2003,7.213644693,11.86127577,25.82003303,35.01192713,2.121066499
7,1,2003,6.355198716,11.97368402,26.49346547,34.17670419,2.008674271
6,24,2003,5.217752083,14.41029251,24.9427476,34.29526782,2.057125557
6,17,2003,6.430818645,15.0689324,24.63416287,35.21169115,2.016875013
6,10,2003,7.344723069,14.67564571,28.55102462,32.20359909,1.982255201
6,3,2003,6.208680753,15.55130962,28.83468233,33.81183357,0.65722352
5,27,2003,5.656434038,13.99701017,30.35393445,34.13870561,0.615919269
5,20,2003,6.050710952,13.85413708,30.39185524,34.03672864,0.637786225
5,13,2003,3.333708857,23.78375629,22.80509719,34.48723368,0.642645549
5,6,2003,3.53226526,25.28116543,24.33445741,33.09667271,0.004859324
4,29,2003,5.467513401,23.28245884,24.31353648,33.02799167,0
4,22,2003,7.338135119,22.93023649,20.79418638,34.95181936,0
4,15,2003,8.129260687,21.91247102,21.01658236,35.22231729,0
4,8,2003,11.76653775,22.09269971,20.86818092,35.85988103,0.002429662
4,1,2003,12.00260992,21.47299182,21.09289833,35.58854723,0.554770505
3,25,2003,9.172389066,20.84415629,20.74700013,36.49345635,0.603363741
3,18,2003,9.088497334,19.68294934,20.70744446,37.34819437,1.108399586
3,11,2003,10.53202133,17.24181796,22.86216724,37.64616999,1.146608742
3,4,2003,6.624995893,16.31458916,21.14471403,39.48446699,1.130351798
2,25,2003,6.130621432,14.48556421,18.45719579,43.83545975,2.300897261
2,18,2003,5.912805586,13.85026332,19.26203024,44.09439749,2.2836405
2,11,2003,8.343812701,12.93867481,18.68269168,45.58671399,3.137607285
2,4,2003,10.05941072,13.29763888,16.91940232,44.83557832,3.089254548
1,28,2003,9.639666504,12.70486081,16.45629113,45.03703808,3.073342406
1,21,2003,6.191789728,13.39133015,18.34894315,42.88062333,2.811602632
1,14,2003,6.225393553,12.97095238,27.85113013,33.72988117,3.092244168
1,7,2003,6.095017243,14.32627814,30.56620187,30.80553356,3.049648345
12,31,2002,6.40000445,13.67378965,35.10105512,26.42543545,3.069302027
12,24,2002,5.945303747,13.70660999,36.1741668,26.63022369,3.073016708
12,17,2002,8.217031315,14.14649073,36.84995198,26.67387804,3.038805388
12,10,2002,14.13983284,17.1290972,38.15929364,26.36631753,3.004843225
12,3,2002,18.46844073,26.26705249,24.80337334,26.20630319,2.928714824
11,26,2002,18.20621516,26.67754624,23.64097197,27.35154906,2.961892942
11,19,2002,18.1917372,26.51341441,23.70637995,27.22217502,3.064802687
11,12,2002,18.50680513,26.15347445,24.05998931,27.11756537,2.922933541
11,5,2002,7.703613971,26.85717819,30.12446184,31.51136571,3.806335016
10,29,2002,7.089938398,32.14109198,24.66876534,32.24469585,3.85550843
10,22,2002,6.709821003,31.35285803,25.87187846,32.32756311,3.739461621
10,15,2002,7.039726346,31.27199275,25.86418422,32.09912702,3.724969664
10,8,2002,6.966926598,31.09546107,26.47974456,31.68659692,3.767713633
10,1,2002,10.06784272,21.55789053,27.12646473,32.20850861,7.602429619
9,24,2002,8.985401767,20.10753213,28.32792767,32.78661585,8.505840109
9,17,2002,9.046303864,18.75486951,28.47235631,31.44122417,10.93317905
9,10,2002,9.356028006,16.17672263,29.90550736,31.84111602,11.52880497
9,3,2002,10.49850201,16.65595655,26.73662959,31.69200875,13.18012205
8,27,2002,10.66206353,16.63172761,23.14729751,36.95831313,11.4498732
8,20,2002,10.64077318,20.53931326,20.94941014,35.41137799,11.29148847
8,13,2002,9.803149228,21.2823381,20.43835626,35.96902278,11.34062424
8,6,2002,9.894631588,21.37317554,20.38439869,35.84892138,11.27222146
7,30,2002,9.293076707,18.59070629,22.40386436,35.43221916,13.1112817
7,23,2002,9.137657011,18.81702591,11.26972874,40.62534492,18.81976684
7,16,2002,9.786498588,18.07207895,13.96275532,37.66823069,18.95003841
7,9,2002,11.48382495,18.01684027,16.1518155,33.96506856,18.8482951
7,2,2002,11.45896398,16.28946842,18.65158901,34.27945694,17.57491726
6,25,2002,11.73238546,16.25299946,20.04321145,37.20047722,12.99859128
6,18,2002,10.50334585,17.11364225,21.37811002,37.25842368,9.53017914
6,11,2002,13.89963444,15.19044737,22.56754222,35.23967284,8.92215223
6,4,2002,13.98324367,16.85005735,21.87898639,34.19639503,8.878139168
5,28,2002,16.76809777,13.11884541,21.06807559,35.24853344,8.83386772
5,21,2002,10.13729331,12.23959954,23.800532,40.69430472,0
5,14,2002,10.12651944,12.12784275,24.36622193,40.35922006,0
5,7,2002,10.48727482,12.61310809,41.59855434,22.07872427,0
4,30,2002,10.72733593,12.47197024,41.64014271,22.02782008,0
4,23,2002,10.90686108,16.12943729,48.43871033,11.49284252,0
4,16,2002,14.20455498,22.55401818,50.33172894,0,0
4,9,2002,17.49471211,26.56161723,42.76907964,0,0
4,2,2002,19.58971513,29.56140477,37.68706919,0,0
3,26,2002,21.97628862,40.59471757,24.39581122,0,0
3,19,2002,22.70397699,53.65704291,10.38113128,0,0
3,12,2002,17.69859739,56.66080901,12.99722092,0,0
3,5,2002,44.23319486,39.13957567,3.875801345,0,0
2,26,2002,43.86403358,39.06135036,4.296763728,0,0
2,19,2002,41.19490926,38.62582309,4.367945475,0,0
2,12,2002,47.12079146,32.84820369,4.579115403,0,0
2,5,2002,42.6006398,23.24419649,5.833313,0.257503456,0
1,29,2002,43.75434328,18.70614619,6.080955672,0.301000661,0
1,22,2002,44.39482791,17.84046411,6.439703093,0.271422561,0
1,15,2002,41.38916966,17.79082221,6.547174939,0.271422561,0
1,8,2002,31.57810962,17.78773395,7.752327464,0.26272312,0
1,1,2002,25.39659722,17.46089451,7.828458327,4.015122503,0
12,25,2001,24.95182089,18.12608666,8.637189234,4.48868682,0
12,18,2001,26.02744247,18.76735653,9.087569065,5.856901657,0
12,11,2001,27.45502148,17.59119609,8.229599936,7.225511449,0
12,4,2001,28.20593229,16.78150315,8.689852612,7.497327836,0
11,27,2001,26.76434865,15.95692391,8.110610971,11.49240747,0
11,20,2001,26.90612578,19.13056107,7.957533663,11.64314239,0
11,13,2001,26.91764488,18.47485516,8.872945776,11.79103289,0
11,6,2001,26.96597256,18.80639955,8.425794505,11.79103289,0
10,30,2001,23.76493403,17.57199407,8.15785172,11.21686978,0
10,23,2001,20.77627854,14.65220161,8.239456612,11.38786413,0
10,16,2001,21.50885982,13.84663337,8.239456612,11.38786413,0
10,9,2001,20.70048668,14.23462844,7.849721652,11.38786413,0
10,2,2001,20.70048668,14.23931322,7.845036875,11.38786413,0
9,25,2001,20.73772492,14.23462844,7.762253827,11.47533195,0
9,18,2001,21.13840843,14.23462844,7.762253827,11.47533195,0
9,11,2001,21.28250775,13.93710756,7.762253827,11.47533195,0
9,4,2001,12.8484423,7.60615061,5.833584622,11.33602081,0
8,28,2001,12.88100152,7.62528938,5.81618574,11.33602081,0
8,21,2001,11.65452969,7.727077291,5.53829424,10.61699722,0
8,14,2001,13.83953401,7.201965448,6.313062884,9.049139414,0
8,7,2001,15.0692016,7.362035164,6.893149414,8.482891772,0
7,31,2001,14.50884607,7.485567227,6.62780095,8.62523323,0
7,24,2001,14.52798484,7.360295276,7.380358052,7.962625258,0
7,17,2001,13.78414498,7.045375509,7.293363641,7.962625258,0
7,10,2001,14.44194222,7.299371056,6.06875406,7.962625258,0
7,3,2001,34.76389811,4.861564883,8.865222698,8.087972835,0
6,26,2001,29.8036985,7.12049465,14.18939374,0.217842118,0
6,19,2001,32.0734335,9.661960497,7.693757151,0.046847767,0
6,12,2001,17.20914789,14.02145596,3.179516712,0.011711942,0
6,5,2001,14.27642829,11.74420037,2.764735676,0.011711942,0
5,29,2001,11.27695672,7.425907049,2.107584304,0.009369553,0
5,22,2001,11.27695672,8.686619631,0.844529333,0.011711942,0
5,15,2001,11.27695672,8.686619631,0.844529333,0.011711942,0
5,8,2001,12.89913423,7.991739244,0.813118276,0.016396719,0
5,1,2001,12.91849812,7.991739244,0.69365647,0.135858525,0
4,24,2001,12.93937678,7.970860586,0.69365647,0.135858525,0
4,17,2001,13.32665452,7.970860586,0.69365647,0.135858525,0
4,10,2001,11.85374143,7.596078447,0.69365647,0.135858525,0
4,3,2001,16.86706427,4.375790856,0.69365647,0.135858525,0
3,27,2001,17.11740887,1.827597812,0.018739107,0,0
3,20,2001,17.11392909,1.827597812,0.018739107,0,0
3,13,2001,15.78557241,1.197255144,0,0,0
3,6,2001,15.33683798,1.197255144,0,0,0
2,27,2001,15.4546829,1.075485606,0,0,0
2,20,2001,14.97471636,0.833105355,0,0,0
2,13,2001,16.44727641,0.929965342,0,0,0
2,6,2001,17.2121622,0,0,0,0
1,30,2001,13.63022616,0,0,0,0
1,23,2001,14.04716276,1.07177114,0,0,0
1,16,2001,11.9024108,1.07177114,0,0,0
1,9,2001,20.373642,1.07177114,0,0,0
1,2,2001,13.35788204,1.07177114,0,0,0
12,26,2000,6.12692916,1.07177114,0,0,0
12,19,2000,7.041860002,1.204002644,0,0,0
12,12,2000,9.075864793,1.09090991,0,0,0
12,5,2000,9.396028436,1.09090991,0,0,0
11,28,2000,11.94881148,1.09090991,0,0,0
11,21,2000,11.99752835,1.09090991,0,0,0
11,14,2000,11.80293815,1.221401527,0,0,0
11,7,2000,23.31005166,1.221401527,0,0,0
10,31,2000,29.38144348,8.534418664,1.115268345,0,0
10,24,2000,40.47732668,16.89154939,2.427144059,0,0
10,17,2000,36.02208957,14.67878015,5.561862506,0.069595529,0
10,10,2000,38.57189563,20.94178745,7.598791895,0.123532063,0
10,3,2000,37.23559781,22.71046918,7.254716401,0,0
9,26,2000,39.26386922,16.86410012,6.066886088,0,0
9,19,2000,38.44888734,14.71475099,6.197912163,0.034259185,0
9,12,2000,38.04522477,17.47716751,3.435495637,0.034259185,0
9,5,2000,39.16120427,17.52281698,2.302167741,0.007447649,0
8,29,2000,43.36229322,22.30234899,2.360848437,0.007447649,0
8,22,2000,37.86778255,21.22131181,2.482063325,0.005958119,0
8,15,2000,45.61303432,20.18518305,2.651785521,0.005958119,0
8,8,2000,56.96259714,13.770636,0.351529024,0,0
8,1,2000,56.09716358,10.58052414,0.326207018,0,0
7,25,2000,55.40987701,8.582913951,0.326207018,0,0
7,18,2000,50.09398075,7.602135974,0.461754226,0,0
7,11,2000,40.17725034,11.22774853,0.490055292,0.00297906,0
7,4,2000,45.97388018,5.375979755,0.513887768,0.00297906,0
6,27,2000,36.16389634,11.96767666,10.40812907,0,0
6,20,2000,36.5568574,11.107506,7.511309345,2.12440351,0
6,13,2000,28.05434483,10.59067014,7.624402079,2.279253561,0
6,6,2000,15.02522628,10.13285354,7.626141967,2.279253561,0
5,30,2000,8.886004382,8.937123482,7.751413919,2.307091772,0
5,23,2000,10.79747495,9.35176679,7.473031804,0,0
5,16,2000,10.73869408,9.343067349,7.474771692,0,0
5,9,2000,9.299049794,7.925929901,2.820358796,0,0
5,2,2000,9.484890575,7.425279822,2.820358796,0,0
4,25,2000,9.846342843,5.535119155,2.820358796,0,0
4,18,2000,11.77919445,5.535119155,2.820358796,0,0
4,11,2000,9.377133842,6.462367673,2.755982932,0,0
4,4,2000,9.517085734,6.131463086,2.755982932,0,0
3,28,2000,10.79959478,6.152673009,1.872119719,0,0
3,21,2000,13.78270717,7.683121696,2.463681712,0,0
3,14,2000,14.34123169,8.861026017,1.017834605,0,0
3,7,2000,22.56223047,12.39206533,1.017834605,0,0
2,29,2000,26.45248271,13.13138503,1.035233488,0,0
2,22,2000,33.33502634,11.22629931,0.020878659,0,0
2,15,2000,50.538476,11.22629931,0.020878659,0,0
2,8,2000,62.77447729,1.593224267,0.020878659,0,0
2,1,2000,67.46254199,1.593224267,0.020878659,0,0
1,25,2000,75.83504174,0.271422561,0.017398882,0,0
1,18,2000,80.91116076,0.271422561,0.017398882,0,0
1,11,2000,75.40989677,0.271422561,0.017398882,0,0
1,4,2000,33.08880529,0.281861891,0.017398882,0,0
